"EbeneNice";"PosTyp";"id_stu";"FA_Nr";"id_pos";"ueb_s_nr";"ds";"pos_nr";"verurs_art";"t_tg_nr";"oa";"Bezeichnung";"unipps_typ";"besch_art";"praeferenzkennung";"menge";"sme";"faktlme_sme";"lme";"bestell_id";"bestell_datum";"preis";"basis";"pme";"bme";"faktlme_bme";"faktbme_pme";"lieferant";"kurzname";"MengeTotal";"PreisEU";"PreisNonEU";"SummeEU";"SummeNonEU";"vk_netto"
"1";"KA_Pos";"142567";"0";1;0;0;1;0;"FKGr0";0;"FK Pumpe Gr0";"FKGr0";2;0;1;1;1;1;;;;;;;;;;"";1;0;0;450,332788345455;1010,93881066667;0
".2";"FA_Komm";"142567";"616033";1;0;0;1;1;"";;"";"";0;;1;;;;;;;;;;;;;"";1;0;0;450,332788345455;1010,93881066667;0
"..3";"FA_Pos";"616033";"0";1;0;1;10;0;"L0P0388-000-001";0;"Vorlage Pumpenteile";"FKPO 40-25-160";0;0;1;1;1;1;;;;;;;;;;"";1;0;0;450,332788345455;825,700410666667;0
"...4";"FA_Pos";"616033";"0";2;1;3;20;0;"101C28351PEH019";1;"Pumpengehäuse";"40-25-160";0;0;1;1;1;1;;;;;;;;;;"";1;0;0;103,8;0;0
"....5";"FA_Serie";"101C28351PEH019";"619356";1;0;0;1;0;"";;"";"";0;;1;;;;;;;;;;;;;"";1;0;0;103,8;0;0
".....6";"FA_Pos";"619356";"0";1;0;3;10;0;"101D28351PEHFT3";1;"Pumpengehäuse";"40-25-160";0;1;1;1;1;1;58752;14.07.1905;103,8;1;1;1;1;1;3140100;"OTTEN";1;103,8;0;103,8;0;0
"...4";"FA_Pos";"616033";"0";3;1;3;30;0;"103K28352GGG019";1;"Ringgehäuse";"NE/FK 40-25-160";0;0;1;1;1;1;;;;;;;;;;"";1;0;0;58,92;0;0
"....5";"FA_Serie";"103K28352GGG019";"622332";1;0;0;1;0;"";;"";"";0;;1;;;;;;;;;;;;;"";1;0;0;58,92;0;0
".....6";"FA_Pos";"622332";"0";1;0;3;10;0;"103L28352GGGFT3";1;"Ringgehäuse";"NE/FK 40-25-160";0;1;1;1;1;1;58240;14.07.1905;58,92;1;1;1;1;1;3090180;"JÜRGENS";1;58,92;0;58,92;0;0
"...4";"FA_Pos";"616033";"0";4;1;3;40;0;"130L28356GGG019";1;"Gehäuseteil";"NE/FK 40-25-160";0;0;1;1;1;1;;;;;;;;;;"";1;0;0;2,67120454545455;0;0
"....5";"FA_Serie";"130L28356GGG019";"619657";1;0;0;1;0;"";;"";"";0;;1;;;;;;;;;;;;;"";1;0;0;2,67120454545455;0;0
".....6";"FA_Pos";"619657";"0";1;0;3;10;0;"130A28356GGGFT3";1;"Gehäuseteil";"NE/FK 40-25-160";0;1;0,5;1;1;1;55964;13.07.1905;4,24;1;7;1;1;1,26;3090180;"JÜRGENS";0,5;2,67120454545455;0;2,67120454545455;0;0
"...4";"FA_Pos";"616033";"0";5;1;3;50;0;"145K30485GGG019";1;"Verbindungsstck";"NE/FK-Grße 0";0;0;1;1;1;1;;;;;;;;;;"";1;0;0;23,3784;0;0
"....5";"FA_Serie";"145K30485GGG019";"623870";1;0;0;1;0;"";;"";"";0;;1;;;;;;;;;;;;;"";1;0;0;23,3784;0;0
".....6";"FA_Pos";"623870";"0";1;0;3;10;0;"145L30485GGGFT3";1;"Verbindungsstck";"NE/FK-Grße 0";0;1;1;1;1;1;58612;14.07.1905;3,06;1;7;1;1;7,64;3090180;"JÜRGENS";1;23,3784;0;23,3784;0;0
"...4";"FA_Pos";"616033";"0";6;1;3;60;0;"210G28283SCB019";1;"Welle";"FK_O 40-25-160";0;0;1;1;1;1;59205;14.07.1905;68,9;1;1;1;1;1;3060550;"FEWES";1;0;68,9;0;68,9;0
"...4";"FA_Pos";"616033";"0";7;1;3;70;0;"233AAN150PER135";1;"Linkslaufrad, halbof";"Ø150/135";0;0;1;1;1;1;;;;;;;;;;"";1;0;0;0;715,623333333333;0
"....5";"FA_Serie";"233AAN150PER135";"620654";1;0;0;1;1;"";;"";"";0;;1;;;;;;;;;;;;;"";1;0;0;0;715,623333333333;0
".....6";"FA_Pos";"620654";"0";1;0;3;10;0;"233A28353PER003";1;"Linkslaufrad, halbof";"25-160";0;0;1;1;1;1;;;;;;;;;;"";1;0;0;0;715,623333333333;0
"......7";"FA_Serie";"233A28353PER003";"622326";1;0;0;1;0;"";;"";"";0;;1;;;;;;;;;;;;;"";1;0;0;0;715,623333333333;0
".......8";"FA_Pos";"622326";"0";1;0;3;10;0;"233H28353PERFT3";1;"Linkslaufrad, halbof";"25-160";0;1;1;1;1;1;;;;;;;;;;"";1;0;0;0;715,623333333333;0
"........9";"Teil";"233H28353PERFT3";"0";10;0;0;10;0;"544D28378NKM019";1;"Gewindebuchse";"NE/FK 40-25-160";0;0;1;1;1;1;51604;11.07.1905;3,84;1;1;1;1;1;3090460;"JADATEC";1;0;715,623333333333;0;715,623333333333;0
"...4";"FA_Pos";"616033";"0";8;1;3;80;0;"321IA0550SKL003";1;"Rillenkugellager";"";0;1;2;1;1;1;58027;13.07.1905;8,92;1;1;1;1;1;3010380;"A+R";2;17,84;0;17,84;0;0
"...4";"FA_Pos";"616033";"0";9;1;3;90;0;"340D28347GGG019";1;"Lagerlaterne";"FK Grße 0";0;0;1;1;1;1;;;;;;;;;;"";1;0;0;76,8551666666667;0;0
"....5";"FA_Serie";"340D28347GGG019";"620796";1;0;0;1;0;"";;"";"";0;;1;;;;;;;;;;;;;"";1;0;0;76,8551666666667;0;0
".....6";"FA_Pos";"620796";"0";1;0;3;10;0;"340E28347GGGFT3";1;"Lagerlaterne";"FK Grße 0";0;1;1;1;1;1;58011;13.07.1905;3,72;1;7;1;1;20,66;3090180;"JÜRGENS";1;76,8551666666667;0;76,8551666666667;0;0
"...4";"FA_Pos";"616033";"0";10;1;3;100;0;"360B28354GGB019";1;"Lagerdeckel";"FK-Grße 0";0;0;1;1;1;1;;;;;;;;;;"";1;0;0;3,58;0;0
"....5";"FA_Serie";"360B28354GGB019";"607986";1;0;0;1;0;"";;"";"";0;;1;;;;;;;;;;;;;"";1;0;0;3,58;0;0
".....6";"FA_Pos";"607986";"0";1;0;3;10;0;"361H28355GGBFT3";1;"Endlagerdeckel";"FK-Grße 0";0;1;1;1;1;1;58559;14.07.1905;3,58;1;1;1;1;1;4160040;"RADEM2";1;3,58;0;3,58;0;0
"...4";"FA_Pos";"616033";"0";11;1;3;110;0;"361G28355GGB019";1;"Endlagerdeckel";"FK-Grße 0";0;0;1;1;1;1;;;;;;;;;;"";1;0;0;3,58;0;0
"....5";"FA_Serie";"361G28355GGB019";"607984";1;0;0;1;0;"";;"";"";0;;1;;;;;;;;;;;;;"";1;0;0;3,58;0;0
".....6";"FA_Pos";"607984";"0";1;0;3;10;0;"361H28355GGBFT3";1;"Endlagerdeckel";"FK-Grße 0";0;1;1;1;1;1;58559;14.07.1905;3,58;1;1;1;1;1;4160040;"RADEM2";1;3,58;0;3,58;0;0
"...4";"FA_Pos";"616033";"0";12;1;3;120;0;"412IA3269EVW533";1;"Runddichtring";"Ø 32,69 x Ø5,33";0;1;1;1;1;1;57125;13.07.1905;40,9;1;30;1;1;0,01;3070360;"GEHRCKENS";1;0,409;0;0,409;0;0
"...4";"FA_Pos";"616033";"0";13;1;3;130;0;"412HA4699EVW533";1;"Runddichtring";"Ø 46,99 x Ø5,33";0;1;1;1;1;1;59334;14.07.1905;97,68;1;30;1;1;0,01;3070360;"GEHRCKENS";1;0,9768;0;0,9768;0;0
"...4";"FA_Pos";"616033";"0";14;1;3;140;0;"412DC0914EVW353";1;"Runddichtring";"Ø209,14 x Ø3,53";0;1;1;1;1;1;58896;14.07.1905;170,43;1;30;1;1;0,01;3070360;"GEHRCKENS";1;1,70433333333333;0;1,70433333333333;0;0
"...4";"FA_Pos";"616033";"0";15;1;3;150;0;"412HA2029EVW262";1;"Runddichtring";"Ø 20,29 x Ø2,62";0;1;1;1;1;1;59215;14.07.1905;14,63;1;30;1;1;0,01;3070360;"GEHRCKENS";1;0,14632;0;0,14632;0;0
"...4";"FA_Pos";"616033";"0";16;1;3;160;0;"412FA2824EVW262";1;"Runddichtring";"Ø 28,24 x Ø2,62";0;1;1;1;1;1;59368;14.07.1905;53,41;1;30;1;1;0,01;3070360;"GEHRCKENS";1;0,5341;0;0,5341;0;0
"...4";"FA_Pos";"616033";"0";17;1;3;170;0;"412HA6634EVW262";1;"Runddichtring";"Ø 66,34 x Ø2,62";0;1;1;1;1;1;52975;11.07.1905;41,27;1;30;1;1;0,01;3070360;"GEHRCKENS";1;0,4128;0;0,4128;0;0
"...4";"FA_Pos";"616033";"0";18;1;3;180;0;"412LA4412EVW262";1;"Runddichtring";"Ø 44,12 x Ø2,62";0;1;1;1;1;1;58632;14.07.1905;24,33;1;30;1;1;0,01;3070360;"GEHRCKENS";1;0,2433;0;0,2433;0;0
"...4";"FA_Pos";"616033";"0";19;1;3;190;0;"420DA0055EKN000";1;"V-Ring";"";0;0;1;1;1;1;58435;14.07.1905;63,19;1;30;1;1;0,01;3050460;"ERIKS";1;0;0,631933333333333;0;0,631933333333333;0
"...4";"FA_Pos";"616033";"0";20;1;3;200;0;"420DA0055EKN000";1;"V-Ring";"";0;0;1;1;1;1;58435;14.07.1905;63,19;1;30;1;1;0,01;3050460;"ERIKS";1;0;0,631933333333333;0;0,631933333333333;0
"...4";"FA_Pos";"616033";"0";21;1;3;210;0;"443C28371PEH019";1;"Dichtungseinsatz";"NE/FK 40-25-160";0;0;1;1;1;1;;;;;;;;;;"";1;0;0;17,75;0;0
"....5";"FA_Serie";"443C28371PEH019";"614684";1;0;0;1;0;"";;"";"";0;;1;;;;;;;;;;;;;"";1;0;0;17,75;0;0
".....6";"FA_Pos";"614684";"0";1;0;3;10;0;"EROØ235x55";1;"Ronde, Dichtungseins";"NE 40-25-160";0;1;1;1;1;1;59026;14.07.1905;17,75;1;1;1;1;1;3140100;"OTTEN";1;17,75;0;17,75;0;0
"...4";"FA_Pos";"616033";"0";22;1;1;220;0;"463C20152PPP039";1;"Auffangschale";"FK-Gr.0";0;0;1;1;1;1;;;;;;;;;;"";1;0;0;2,71;0;0
"....5";"FA_Pos";"616033";"0";23;22;3;230;0;"463C20152PPPFT3";1;"Auffangschale";"FK/NK/NE-Grße 0/1";0;1;1;1;1;1;58468;14.07.1905;2,71;1;1;1;1;1;3060470;"FORMZEUG";1;2,71;0;2,71;0;0
"...4";"FA_Pos";"616033";"0";24;1;3;240;0;"472H28278ISA019";1;"Gleitring";"NE/FK/SP Gr. 0";0;1;1;1;1;1;59106;14.07.1905;34,89;1;1;1;1;1;3050310;"ESK / 3M";1;34,89;0;34,89;0;0
"...4";"FA_Pos";"616033";"0";25;1;3;250;0;"474F28281TKF019";1;"Druckring";"Grße 0";0;1;1;1;1;1;56306;13.07.1905;863,99;1;30;1;1;0,01;3120090;"FREUDENBERG";1;8,6399;0;8,6399;0;0
"...4";"FA_Pos";"616033";"0";26;1;3;260;0;"475E30115ISA019";1;"Gegenring";"Ø50/20x10";0;1;1;1;1;1;59102;14.07.1905;13,38;1;1;1;1;1;3050310;"ESK / 3M";1;13,38;0;13,38;0;0
"...4";"FA_Pos";"616033";"0";27;1;3;270;0;"477L30224BHF009";1;"Feder fr GLRD";"Grße 0";0;0;1;1;1;1;;;;;;;;;;"";1;0;0;1,93;0;0
"....5";"Teil";"477L30224BHF009";"0";5;0;0;5;0;"477C30224SKG010";1;"Feder fr GLRD";"Grße 0";0;1;1;1;1;1;57332;13.07.1905;1,93;1;1;1;1;1;3100570;"KERPAL";1;1,93;0;1,93;0;0
"....5";"Teil";"477L30224BHF009";"0";10;0;0;10;0;"477H30224SKG01A";1;"Feder fr GLRD";"Grße 0";0;0;0;1;1;1;;;;;;;;;;"";0;0;0;0;0;0
".....6";"Teil";"477H30224SKG01A";"0";10;0;0;10;0;"477C30224SKG010";1;"Feder fr GLRD";"Grße 0";0;1;1;1;1;1;57332;13.07.1905;1,93;1;1;1;1;1;3100570;"KERPAL";0;0;0;0;0;0
"...4";"FA_Pos";"616033";"0";28;1;3;280;0;"481K28279TVL029";1;"PTFE-Faltenbalg";"NE/FK/SP Gr. 0";0;1;1;1;1;1;58873;14.07.1905;36,7;1;1;1;1;1;3060580;"FLUOR-TECH";1;36,7;0;36,7;0;0
"...4";"FA_Pos";"616033";"0";29;1;3;290;0;"482I28282DMP029";1;"Faltenbalgträger";"NE/FK Grße 0";0;0;1;1;1;1;;;;;;;;;;"";1;0;0;6,2;0;0
"....5";"FA_Serie";"482I28282DMP029";"618585";1;0;0;1;0;"";;"";"";0;;1;;;;;;;;;;;;;"";1;0;0;6,2;0;0
".....6";"FA_Pos";"618585";"0";1;0;3;10;0;"482D28282DMPFT3";1;"Faltenbalgträger";"NE/FK Grße 0";0;1;1;1;1;1;58655;14.07.1905;6,2;1;1;1;1;1;4020020;"B&P";1;6,2;0;6,2;0;0
"...4";"FA_Pos";"616033";"0";30;1;3;300;0;"506H28379SRB059";1;"Haltering, Druckseit";"NE/FK Grße 0";0;0;1;1;1;1;;;;;;;;;;"";1;0;0;0;0,69;0
"....5";"FA_Serie";"506H28379SRB059";"613858";1;0;0;1;0;"";;"";"";0;;1;;;;;;;;;;;;;"";1;0;0;0;0,69;0
".....6";"FA_Pos";"613858";"0";1;0;3;10;0;"ERRØ108x175";1;"nahtl. Siederohr";"Ø 108 x 17,5 mm";0;0;13,8;2;1000;5;53548;11.07.1905;50;1;5;5;1;1;3200550;"THYSSEN";13,8;0;0,69;0;0,69;0
"...4";"FA_Pos";"616033";"0";31;1;3;310;0;"506F28379SRB019";1;"Haltering, Saugseite";"NE/FK Grße 0";0;0;1;1;1;1;;;;;;;;;;"";1;0;0;0;2,399976;0
"....5";"FA_Serie";"506F28379SRB019";"617553";1;0;0;1;0;"";;"";"";0;;1;;;;;;;;;;;;;"";1;0;0;0;2,399976;0
".....6";"FA_Pos";"617553";"0";1;0;3;10;0;"ERRØ95x222";1;"nahtl. Siederohr";"Ø 95 x 22,2 mm";0;0;33,333;2;1000;5;58092;14.07.1905;72;1;5;5;1;1;3200550;"THYSSEN";33,333;0;2,399976;0;2,399976;0
"...4";"FA_Pos";"616033";"0";32;1;3;320;0;"507K28288SXK019";1;"Spritzring";"FK Grße 0";0;0;1;1;1;1;;;;;;;;;;"";1;0;0;0;2,16193466666667;0
"....5";"FA_Serie";"507K28288SXK019";"596483";1;0;0;1;0;"";;"";"";0;;1;;;;;;;;;;;;;"";1;0;0;0;2,16193466666667;0
".....6";"FA_Pos";"596483";"0";1;0;3;10;0;"ESTØ65A";1;"Rundstahl";"Stahl";0;0;10,4;2;1000;5;59292;14.07.1905;7,98;1;7;5;1;26,05;3200550;"THYSSEN";10,4;0;2,16193466666667;0;2,16193466666667;0
"...4";"FA_Pos";"616033";"0";33;1;3;330;0;"511C28393STA019";1;"Zentrierring";"FK 40-25-160";0;0;1;1;1;1;;;;;;;;;;"";1;0;0;6,5;0;0
"....5";"FA_Serie";"511C28393STA019";"612545";1;0;0;1;0;"";;"";"";0;;1;;;;;;;;;;;;;"";1;0;0;6,5;0;0
".....6";"FA_Pos";"612545";"0";1;0;3;10;0;"ERIØ240/120x9";1;"Ring";"Ø240/120x9mm";0;1;1;1;1;1;57902;13.07.1905;6,5;1;1;1;1;1;3230820;"WASSERMANN";1;6,5;0;6,5;0;0
"...4";"FA_Pos";"616033";"0";34;1;3;340;0;"524K28287CHS019";1;"Wellenschutzhlse";"FK_O 40-25-160";0;1;1;1;1;1;58551;14.07.1905;19;1;1;1;1;1;4050030;"EUROCARBO";1;19;0;19;0;0
"...4";"FA_Pos";"616033";"0";35;1;3;350;0;"552EA0128SKF000";1;"Tellerfeder";"Ø40/20,4x1,5";0;0;1;1;1;1;57905;13.07.1905;17,03;1;30;1;1;0,01;3160010;"REYHER";1;0;0,1703;0;0,1703;0
"...4";"FA_Pos";"616033";"0";36;1;3;360;0;"554GA0130SAA000";1;"Unterlegscheibe";"A13";0;0;4;1;1;1;58715;14.07.1905;3,76;1;30;1;1;0,01;3160010;"REYHER";4;0;0,1504;0;0,1504;0
"...4";"FA_Pos";"616033";"0";37;1;3;370;0;"554IA0170SAA000";1;"Unterlegscheibe";"A17";0;0;4;1;1;1;59017;14.07.1905;5,99;1;30;1;1;0,01;3160010;"REYHER";4;0;0,2396;0;0,2396;0
"...4";"FA_Pos";"616033";"0";38;1;3;380;0;"554CA0105SAA000";1;"Unterlegscheibe";"A10,5";0;0;2;1;1;1;;;;;;;;;;"";2;0;0;0;0;0
"...4";"FA_Pos";"616033";"0";39;1;1;390;0;"683F31095PET019";1;"Haube, rechts und li";"FK-Gr.0";0;1;1;1;1;1;;;;;;;;;;"";1;0;0;0;8,2108;0
"....5";"FA_Pos";"616033";"0";40;39;3;400;0;"683G31095PETFT3";1;"Haube";"FK-Gr.0";0;0;1;1;1;1;58840;14.07.1905;7,95;1;1;1;1;1;3120460;"META";1;0;7,95;0;7,95;0
"....5";"FA_Pos";"616033";"0";41;39;3;410;0;"554EA0084SAB000";1;"Unterlegscheibe";"A8,4";0;0;2;1;1;1;57379;13.07.1905;1,6;1;30;1;1;0,01;3220150;"VVE";2;0;0,032;0;0,032;0
"....5";"FA_Pos";"616033";"0";42;39;3;420;0;"554AL0062PAM005";1;"Unverlierbarkeitssch";"";0;0;2;1;1;1;58652;14.07.1905;22,4;1;31;1;1;0,001;3020900;"BÜLTE";2;0;0,0448;0;0,0448;0
"....5";"FA_Pos";"616033";"0";43;39;3;430;0;"901CB0008SAB012";1;"Sechskantschraube";"M8x12";0;0;2;1;1;1;58336;14.07.1905;9,2;1;30;1;1;0,01;3220150;"VVE";2;0;0,184;0;0,184;0
"...4";"FA_Pos";"616033";"0";44;1;1;440;0;"683F31095PET019";1;"Haube, rechts und li";"FK-Gr.0";0;1;1;1;1;1;;;;;;;;;;"";1;0;0;0;8,2108;0
"....5";"FA_Pos";"616033";"0";45;44;3;450;0;"683G31095PETFT3";1;"Haube";"FK-Gr.0";0;0;1;1;1;1;58840;14.07.1905;7,95;1;1;1;1;1;3120460;"META";1;0;7,95;0;7,95;0
"....5";"FA_Pos";"616033";"0";46;44;3;460;0;"554EA0084SAB000";1;"Unterlegscheibe";"A8,4";0;0;2;1;1;1;57379;13.07.1905;1,6;1;30;1;1;0,01;3220150;"VVE";2;0;0,032;0;0,032;0
"....5";"FA_Pos";"616033";"0";47;44;3;470;0;"554AL0062PAM005";1;"Unverlierbarkeitssch";"";0;0;2;1;1;1;58652;14.07.1905;22,4;1;31;1;1;0,001;3020900;"BÜLTE";2;0;0,0448;0;0,0448;0
"....5";"FA_Pos";"616033";"0";48;44;3;480;0;"901CB0008SAB012";1;"Sechskantschraube";"M8x12";0;0;2;1;1;1;58336;14.07.1905;9,2;1;30;1;1;0,01;3220150;"VVE";2;0;0,184;0;0,184;0
"...4";"FA_Pos";"616033";"0";49;1;3;490;0;"739CB0012PVC000";1;"Schlauchnippel";"R1/2""x66";0;0;1;1;1;1;58777;14.07.1905;1,45;1;1;1;1;1;3100730;"KRAUSE";1;0;1,45;0;1,45;0
"...4";"FA_Pos";"616033";"0";50;1;3;500;0;"864H28284PAG029";1;"Kupplungshlse";"FK 40-25-160";0;0;1;1;1;1;;;;;;;;;;"";1;0;0;5,8714638;0;0
"....5";"FA_Serie";"864H28284PAG029";"623397";1;0;0;1;0;"";;"";"";0;;1;;;;;;;;;;;;;"";1;0;0;5,8714638;0;0
".....6";"FA_Pos";"623397";"0";1;0;3;10;0;"864B28284PAG02A";1;"Kupplungshlse";"FK 40-25-160";0;0;1;1;1;1;;;;;;;;;;"";1;0;0;5,8714638;0;0
"......7";"FA_Serie";"864B28284PAG02A";"620386";1;0;0;1;0;"";;"";"";0;;1;;;;;;;;;;;;;"";1;0;0;5,8714638;0;0
".......8";"FA_Pos";"620386";"0";1;0;3;10;0;"ERMPA6GVØ60";1;"Rundmaterial";"Kunststoff";0;1;71,429;2;1000;5;58905;14.07.1905;82,2;1;5;5;1;1;3040660;"DUEL";71,429;5,8714638;0;5,8714638;0;0
"...4";"FA_Pos";"616033";"0";51;1;3;510;0;"901KB0006SAA016";1;"Sechskantschraube";"M6x16";0;0;8;1;1;1;53041;11.07.1905;1,87;1;30;1;1;0,01;3160010;"REYHER";8;0;0,1496;0;0,1496;0
"...4";"FA_Pos";"616033";"0";52;1;3;520;0;"901HB0006SAA010";1;"Sechskantschraube";"M6x10";0;0;1;1;1;1;56156;13.07.1905;1,53;1;30;1;1;0,01;3230430;"WASI";1;0;0,0153;0;0,0153;0
"...4";"FA_Pos";"616033";"0";53;1;3;530;0;"901KB0010SAA025";1;"Sechskantschraube";"M10x25";0;0;4;1;1;1;58935;14.07.1905;15,61;1;30;1;1;0,01;3160010;"REYHER";4;0;0,6244;0;0,6244;0
"...4";"FA_Pos";"616033";"0";54;1;3;540;0;"902CA0012SAA040";1;"Stiftschraube";"M12x40";0;0;4;1;1;1;57261;13.07.1905;29,13;1;30;1;1;0,01;3230430;"WASI";4;0;1,1652;0;1,1652;0
"...4";"FA_Pos";"616033";"0";55;1;3;550;0;"902FA0016SAA075";1;"Stiftschraube";"M16x75";0;0;4;1;1;1;59316;14.07.1905;154;1;30;1;1;0,01;3170170;"SN";4;0;6,16;0;6,16;0
"...4";"FA_Pos";"616033";"0";56;1;3;560;0;"902FA0012SAA035";1;"Stiftschraube";"M12x35";0;0;6;1;1;1;57638;13.07.1905;65,6;1;30;1;1;0,01;3130200;"NORM";6;0;3,936;0;3,936;0
"...4";"FA_Pos";"616033";"0";57;1;3;570;0;"902HA0010SAA055";1;"Stiftschraube";"M10x55";0;0;2;1;1;1;58030;13.07.1905;65;1;30;1;1;0,01;3220150;"VVE";2;0;1,3;0;1,3;0
"...4";"FA_Pos";"616033";"0";58;1;3;580;0;"903FM0014PAM000";1;"Dichtschraube";"G 1/4";0;0;1;1;1;1;55206;12.07.1905;189,7;1;31;1;1;0,001;3150450;"PÖPPELMANN";1;0;0,1897;0;0,1897;0
"...4";"FA_Pos";"616033";"0";59;1;3;590;0;"904CG0010SSF016";1;"Gewindestift";"M10x16";0;0;2;1;1;1;48741;09.07.1905;6,8;1;30;1;1;0,01;3080610;"HILGENBERG";2;0;0,136;0;0,136;0
"...4";"FA_Pos";"616033";"0";60;1;3;600;0;"914KC0012SAA020";1;"Zylinderschraube";"M12x20";0;0;2;1;1;1;58251;14.07.1905;41;1;30;1;1;0,01;3220150;"VVE";2;0;0,82;0;0,82;0
"...4";"FA_Pos";"616033";"0";61;1;3;610;0;"916K21061PVC019";1;"Stopfen";"FK/NK/NE";0;1;1;1;1;1;58786;14.07.1905;1,71;1;1;1;1;1;3100090;"KERREN";1;1,71;0;1,71;0;0
"...4";"FA_Pos";"616033";"0";62;1;3;620;0;"920CA0012SAA000";1;"Sechskantmutter";"M12";0;0;4;1;1;1;58564;14.07.1905;10,2;1;30;1;1;0,01;3230430;"WASI";4;0;0,408;0;0,408;0
"...4";"FA_Pos";"616033";"0";63;1;3;630;0;"920AA0016SAA000";1;"Sechskantmutter";"M16";0;0;4;1;1;1;59065;14.07.1905;15,8;1;1;1;1;0,01;3160010;"REYHER";4;0;0,632;0;0,632;0
"...4";"FA_Pos";"616033";"0";64;1;3;640;0;"920CA0012SAA000";1;"Sechskantmutter";"M12";0;0;6;1;1;1;58564;14.07.1905;10,2;1;30;1;1;0,01;3230430;"WASI";6;0;0,612;0;0,612;0
"...4";"FA_Pos";"616033";"0";65;1;3;650;0;"920DA0010SAA000";1;"Sechskantmutter";"M10";0;0;2;1;1;1;53264;11.07.1905;4,06;1;30;1;1;0,01;3230430;"WASI";2;0;0,0812;0;0,0812;0
"..3";"FA_Pos";"616033";"0";66;0;1;660;0;"G-900-006-A2";0;"Vorlage Grundplatten";"FM/FK 25-160 / 90L";0;0;1;1;1;1;;;;;;;;;;"";1;0;0;0;137,7012;0
"...4";"FA_Pos";"616033";"0";67;66;3;670;0;"554GA0130SAA000";1;"Unterlegscheibe";"A13";0;0;4;1;1;1;58715;14.07.1905;3,76;1;30;1;1;0,01;3160010;"REYHER";4;0;0,1504;0;0,1504;0
"...4";"FA_Pos";"616033";"0";68;66;3;680;0;"890K30011GGB019";1;"Grundplatte";"Grße 1";0;0;1;1;1;1;58530;14.07.1905;136,72;1;1;1;1;1;4170080;"SAPAL";1;0;136,72;0;136,72;0
"...4";"FA_Pos";"616033";"0";69;66;3;690;0;"901IB0012SAA025";1;"Sechskantschraube";"M12x25";0;0;4;1;1;1;58657;14.07.1905;20,77;1;30;1;1;0,01;3230430;"WASI";4;0;0,8308;0;0,8308;0
"..3";"FA_Pos";"616033";"0";70;0;1;700;0;"V-N-03-02-01";0;"Vorlage Verankerungs";"Gampper D75";0;0;1;1;1;1;;;;;;;;;;"";1;0;0;0;46,3792;0
"...4";"FA_Pos";"616033";"0";71;70;3;710;0;"554IA0170SAA000";1;"Unterlegscheibe";"A17";0;0;8;1;1;1;59017;14.07.1905;5,99;1;30;1;1;0,01;3160010;"REYHER";8;0;0,4792;0;0,4792;0
"...4";"FA_Pos";"616033";"0";72;70;3;720;0;"909K31240SAA019";1;"Stellschraube";"M16x150";0;0;4;1;1;1;59143;14.07.1905;468;1;30;1;1;0,01;3080610;"HILGENBERG";4;0;18,72;0;18,72;0
"...4";"FA_Pos";"616033";"0";73;70;3;730;0;"920AA0016SAA000";1;"Sechskantmutter";"M16";0;0;8;1;1;1;59065;14.07.1905;15,8;1;1;1;1;0,01;3160010;"REYHER";8;0;1,264;0;1,264;0
"...4";"FA_Pos";"616033";"0";74;70;3;740;0;"980GE0001SXB000";1;"Nivellierelement";"D75";0;0;4;1;1;1;58773;14.07.1905;6,82;1;1;1;1;1;3070400;"GAMPPER";4;0;25,916;0;25,916;0
"..3";"FA_Pos";"616033";"0";75;0;3;750;0;"970H31036SXB069";1;"Typenschild Pumpen";"alle Typen";0;0;1;1;1;1;53357;11.07.1905;115,8;1;30;1;1;0,01;3150040;"PINTER";1;0;1,158;0;1,158;0
".2";"FA_Komm";"142567";"616161";1;0;0;1;2;"";;"";"";0;;1;;;;;;;;;;;;;"";1;0;0;0;0;0
"..3";"FA_Pos";"616161";"0";1;0;3;10;0;"233A28353PER003";1;"Linkslaufrad, halbof";"25-160";0;0;1;1;1;1;;;;;;;;;;"";1;0;0;0;0;0
"...4";"FA_Serie";"233A28353PER003";"622326";1;0;0;1;0;"";;"";"";0;;1;;;;;;;;;;;;;"";1;0;0;0;0;0
"....5";"FA_Pos";"622326";"0";1;0;3;10;0;"233H28353PERFT3";1;"Linkslaufrad, halbof";"25-160";0;1;1;1;1;1;;;;;;;;;;"";1;0;0;0;0;0
".....6";"Teil";"233H28353PERFT3";"0";10;0;0;10;0;"544D28378NKM019";1;"Gewindebuchse";"NE/FK 40-25-160";0;0;1;1;1;1;51604;11.07.1905;3,84;1;1;1;1;1;3090460;"JADATEC";1;0;0;0;0;0
".2";"FA_Komm";"142567";"616162";1;0;0;1;2;"";;"";"";0;;1;;;;;;;;;;;;;"";1;0;0;0;0;0
"..3";"FA_Pos";"616162";"0";1;0;3;10;0;"864B28284PAG02A";1;"Kupplungshlse";"FK 40-25-160";0;0;1;1;1;1;;;;;;;;;;"";1;0;0;0;0;0
"...4";"FA_Serie";"864B28284PAG02A";"620386";1;0;0;1;0;"";;"";"";0;;1;;;;;;;;;;;;;"";1;0;0;0;0;0
"....5";"FA_Pos";"620386";"0";1;0;3;10;0;"ERMPA6GVØ60";1;"Rundmaterial";"Kunststoff";0;1;71,429;2;1000;5;58905;14.07.1905;82,2;1;5;5;1;1;3040660;"DUEL";71,429;0;0;0;0;0
"1";"KA_Pos";"142567";"0";2;0;0;2;0;"NEGrI";0;"NE Pumpe GrI";"NEGrI";2;0;1;1;1;1;;;;;;;;;;"";1;0;0;954,139199168668;182,383931174167;0
".2";"FA_Komm";"142567";"616034";2;0;0;2;1;"";;"";"";0;;1;;;;;;;;;;;;;"";1;0;0;954,139199168668;182,383931174167;0
"..3";"FA_Pos";"616034";"0";1;0;1;10;0;"X1P0784-055-G99";0;"Vorlage Pumpenteile";"NEPO 50-32-200";0;0;1;1;1;1;;;;;;;;;;"";1;0;0;679,069199168668;85,4453311741667;0
"...4";"FA_Pos";"616034";"0";2;1;3;20;0;"R_A01LA0000000T";1;"Vorlage Reihen Baugr";"NE_Lagerung_Gr1";0;0;1;1;1;1;;;;;;;;;;"";1;0;0;80,7831;15,0416704658333;0
"....5";"FA_Serie";"R_A01LA0000000T";"623344";1;0;0;1;0;"";;"";"";0;;1;;;;;;;;;;;;;"";1;0;0;80,7831;15,0416704658333;0
".....6";"FA_Pos";"623344";"0";1;0;3;10;0;"210E22335SCB099";1;"Welle";"NE-Grße 1";0;0;1;1;1;1;;;;;;;;;;"";1;0;0;0;14,4410704658333;0
"......7";"FA_Serie";"210E22335SCB099";"620775";1;0;0;1;0;"";;"";"";0;;1;;;;;;;;;;;;;"";1;0;0;0;14,4410704658333;0
".......8";"FA_Pos";"620775";"0";1;0;3;10;0;"ESTØ45M0405";1;"Rundstahl gesägt";"Stahl";0;0;1;1;1;1;;;;;;;;;;"";1;0;0;0;14,4410704658333;0
"........9";"FA_Serie";"ESTØ45M0405";"618042";1;0;0;1;0;"";;"";"";0;;1;;;;;;;;;;;;;"";1;0;0;0;14,4410704658333;0
".........10";"FA_Pos";"618042";"0";1;0;3;10;0;"ESTØ45D";1;"Rundstahl";"Stahl";0;0;428,5714;2;1000;5;59139;14.07.1905;2700;1;18;5;1;0,01248;3020210;"BRÜCK";428,5714;0;14,4410704658333;0;14,4410704658333;0
".....6";"FA_Pos";"623344";"0";2;0;3;20;0;"321FA0350SKL003";1;"Rillenkugellager";"";0;1;2;1;1;1;59373;14.07.1905;5,38;1;1;1;1;1;3010380;"A+R";2;10,76;0;10,76;0;0
".....6";"FA_Pos";"623344";"0";3;0;3;30;0;"350L31007GGB219";1;"Lagergehäuse";"NE-Grße 1";0;0;1;1;1;1;;;;;;;;;;"";1;0;0;55,44;0;0
"......7";"FA_Serie";"350L31007GGB219";"620469";1;0;0;1;0;"";;"";"";0;;1;;;;;;;;;;;;;"";1;0;0;55,44;0;0
".......8";"FA_Pos";"620469";"0";1;0;3;10;0;"350G31007GGBFT3";1;"Lagergehäuse";"NE-Grße 1";0;1;1;1;1;1;59375;14.07.1905;55,44;1;1;1;1;1;4160040;"RADEM2";1;55,44;0;55,44;0;0
".....6";"FA_Pos";"623344";"0";4;0;3;40;0;"360A31008GGB019";1;"Lagerdeckel";"NE-Grße 1";0;0;1;1;1;1;;;;;;;;;;"";1;0;0;4,71;0;0
"......7";"FA_Serie";"360A31008GGB019";"620038";1;0;0;1;0;"";;"";"";0;;1;;;;;;;;;;;;;"";1;0;0;4,71;0;0
".......8";"FA_Pos";"620038";"0";1;0;3;10;0;"360B31008GGBFT3";1;"Lagerdeckel";"NE-Grße 1";0;1;1;1;1;1;58595;14.07.1905;4,71;1;1;1;1;1;4160040;"RADEM2";1;4,71;0;4,71;0;0
".....6";"FA_Pos";"623344";"0";5;0;3;50;0;"361F31009GGB019";1;"Endlagerdeckel";"NE-Grße 1";0;0;1;1;1;1;;;;;;;;;;"";1;0;0;4,67;0;0
"......7";"FA_Serie";"361F31009GGB019";"619385";1;0;0;1;0;"";;"";"";0;;1;;;;;;;;;;;;;"";1;0;0;4,67;0;0
".......8";"FA_Pos";"619385";"0";1;0;3;10;0;"361G31009GGBFT3";1;"Endlagerdeckel";"NE-Grße 1";0;1;1;1;1;1;58805;14.07.1905;4,67;1;1;1;1;1;4160040;"RADEM2";1;4,67;0;4,67;0;0
".....6";"FA_Pos";"623344";"0";6;0;3;60;0;"412BA8222EVW262";1;"Runddichtring";"Ø 82,22 x Ø2,62";0;1;2;1;1;1;58949;14.07.1905;63,06;1;30;1;1;0,01;3070360;"GEHRCKENS";2;1,2612;0;1,2612;0;0
".....6";"FA_Pos";"623344";"0";7;0;3;70;0;"420AB0035EKN000";1;"V-Ring";"";0;1;1;1;1;1;58922;14.07.1905;19,9;1;30;1;1;0,01;3050460;"ERIKS";1;0,199;0;0,199;0;0
".....6";"FA_Pos";"623344";"0";8;0;3;80;0;"420IB0030EKN000";1;"V-Ring";"";0;1;1;1;1;1;58944;14.07.1905;23,04;1;30;1;1;0,01;3120090;"FREUDENBERG";1;0,2304;0;0,2304;0;0
".....6";"FA_Pos";"623344";"0";9;0;3;90;0;"901BB0008SAA020";1;"Sechskantschraube";"M8x20";0;0;8;1;1;1;58445;14.07.1905;6,16;1;30;1;1;0,01;3230430;"WASI";8;0;0,4928;0;0,4928;0
".....6";"FA_Pos";"623344";"0";10;0;3;100;0;"921IA0035SKH007";1;"Wellenmutter";"M35x1,5";0;1;1;1;1;1;58766;14.07.1905;2,8;1;1;1;1;1;3010380;"A+R";1;2,8;0;2,8;0;0
".....6";"FA_Pos";"623344";"0";11;0;3;110;0;"931GA0350SKH007";1;"Sicherungsblech";"Ø35";0;1;1;1;1;1;58768;14.07.1905;0,35;1;1;1;1;1;3010380;"A+R";1;0,35;0;0,35;0;0
".....6";"FA_Pos";"623344";"0";12;0;3;120;0;"932HB0800SKF250";1;"Sicherungsring";"Ø80x2,5";0;1;1;1;1;1;58927;14.07.1905;36,25;1;30;1;1;0,01;3170170;"SN";1;0,3625;0;0,3625;0;0
".....6";"FA_Pos";"623344";"0";13;0;3;130;0;"940GA0807SKK040";1;"Paßfeder";"8x7x40";0;0;1;1;1;1;58510;14.07.1905;10,78;1;30;1;1;0,01;3120320;"MELCHIOR";1;0;0,1078;0;0,1078;0
"...4";"FA_Pos";"616034";"0";3;1;3;30;0;"101G27842PEH019";1;"Pumpengehäuse";"NE 50-32-200";0;0;1;1;1;1;;;;;;;;;;"";1;0;0;139,75;0;0
"....5";"FA_Serie";"101G27842PEH019";"622391";1;0;0;1;0;"";;"";"";0;;1;;;;;;;;;;;;;"";1;0;0;139,75;0;0
".....6";"FA_Pos";"622391";"0";1;0;3;10;0;"101H27842PEHFT3";1;"Pumpengehäuse";"NE 50-32-200";0;1;1;1;1;1;59297;14.07.1905;139,75;1;1;1;1;1;3140100;"OTTEN";1;139,75;0;139,75;0;0
"...4";"FA_Pos";"616034";"0";4;1;3;40;0;"103A27836GGG019";1;"Ringgehäuse";"NE 50-32-200";0;0;1;1;1;1;;;;;;;;;;"";1;0;0;98,68;0;0
"....5";"FA_Serie";"103A27836GGG019";"617295";1;0;0;1;0;"";;"";"";0;;1;;;;;;;;;;;;;"";1;0;0;98,68;0;0
".....6";"FA_Pos";"617295";"0";1;0;3;10;0;"103B27836GGGFT3";1;"Ringgehäuse";"NE 50-32-200";0;1;1;1;1;1;59128;14.07.1905;98,68;1;1;1;1;1;3050210;"EICKHOFF";1;98,68;0;98,68;0;0
"...4";"FA_Pos";"616034";"0";5;1;3;50;0;"130E27915GGG019";1;"Gehäuseteil";"NE 02/03/04";0;0;1;1;1;1;;;;;;;;;;"";1;0;0;6,235;0;0
"....5";"FA_Serie";"130E27915GGG019";"617684";1;0;0;1;0;"";;"";"";0;;1;;;;;;;;;;;;;"";1;0;0;6,235;0;0
".....6";"FA_Pos";"617684";"0";1;0;3;10;0;"130F27915GGGFT3";1;"Gehäuseteil";"NE 02/03/04";0;1;0,5;1;1;1;58418;14.07.1905;12,47;1;1;1;1;1;3050210;"EICKHOFF";0,5;6,235;0;6,235;0;0
"...4";"FA_Pos";"616034";"0";6;1;3;60;0;"145F28118GGG019";1;"Verbindungsstck";"NE 50-32-200";0;0;1;1;1;1;;;;;;;;;;"";1;0;0;65,88;0;0
"....5";"FA_Serie";"145F28118GGG019";"624871";1;0;0;1;0;"";;"";"";0;;1;;;;;;;;;;;;;"";1;0;0;65,88;0;0
".....6";"FA_Pos";"624871";"0";1;0;3;10;0;"145G28118GGGFT3";1;"Verbindungsstck";"NE 50-32-200";0;1;1;1;1;1;58558;14.07.1905;65,88;1;1;1;1;1;3050210;"EICKHOFF";1;65,88;0;65,88;0;0
"...4";"FA_Pos";"616034";"0";7;1;3;70;0;"183F30136STA029";1;"Sttzfuß";"03/07/12";0;1;1;1;1;1;59029;14.07.1905;11,95;1;1;1;1;1;3120880;"MHM";1;11,95;0;11,95;0;0
"...4";"FA_Pos";"616034";"0";8;1;3;80;0;"233AEN165PER149";1;"Linkslaufrad, halbof";"32-200";0;0;1;1;1;1;;;;;;;;;;"";1;0;0;0;8,89;0
"....5";"FA_Serie";"233AEN165PER149";"616163";1;0;0;1;2;"";;"";"";0;;1;;;;;;;;;;;;;"";1;0;0;0;8,89;0
".....6";"FA_Pos";"616163";"0";1;0;3;10;0;"233H23538PERN03";1;"Linkslaufrad, halbof";"32+40+50-200";0;0;1;1;1;1;;;;;;;;;;"";1;0;0;0;8,89;0
"......7";"FA_Serie";"233H23538PERN03";"617271";1;0;0;1;0;"";;"";"";0;;1;;;;;;;;;;;;;"";1;0;0;0;8,89;0
".......8";"FA_Pos";"617271";"0";1;0;3;10;0;"233D23538PERF03";1;"Linkslaufrad, halbof";"32+40+50-200";0;1;1;1;1;1;;;;;;;;;;"";1;0;0;0;8,89;0
"........9";"Teil";"233D23538PERF03";"0";10;0;0;10;0;"544C30439NKM019";1;"Gewindebuchse";"Grße 1";0;0;1;1;1;1;53670;11.07.1905;8,89;1;1;1;1;1;3170610;"SIPS";1;0;8,89;0;8,89;0
"...4";"FA_Pos";"616034";"0";9;1;3;90;0;"400CB0000EXE011";1;"Flachdichtung";"Ø11x1";0;0;1;1;1;1;51314;11.07.1905;69;1;30;1;1;0,01;3230010;"WOLTERHOFF";1;0;0,69;0;0,69;0
"...4";"FA_Pos";"616034";"0";10;1;3;100;0;"412LA5334EXE533";1;"Runddichtring";"Ø 53,34 x Ø5,33";0;1;1;1;1;1;54483;12.07.1905;91,09;1;30;1;1;0,01;3070360;"GEHRCKENS";1;0,910869565217391;0;0,910869565217391;0;0
"...4";"FA_Pos";"616034";"0";11;1;3;110;0;"412BA6287EXE533";1;"Runddichtring";"Ø 62,87 x Ø5,33";0;1;1;1;1;1;54142;12.07.1905;87,61;1;30;1;1;0,01;3070360;"GEHRCKENS";1;0,876083333333333;0;0,876083333333333;0;0
"...4";"FA_Pos";"616034";"0";12;1;3;120;0;"412LC4300EXE400";1;"Runddichtring";"Ø243,00 x Ø4,00";0;1;1;1;1;1;59166;14.07.1905;344,92;1;30;1;1;0,01;3070360;"GEHRCKENS";1;3,44909090909091;0;3,44909090909091;0;0
"...4";"FA_Pos";"616034";"0";13;1;3;130;0;"412GA2189EXE262";1;"Runddichtring";"Ø 21,89 x Ø2,62";0;0;1;1;1;1;39383;05.07.1905;51,08;1;30;1;1;0,01;3070360;"GEHRCKENS";1;0;0,51078125;0;0,51078125;0
"...4";"FA_Pos";"616034";"0";14;1;3;140;0;"412IA3600EXE300";1;"Runddichtring";"Ø 36,00 x Ø3,00";0;1;1;1;1;1;56276;13.07.1905;57,37;1;30;1;1;0,01;3070360;"GEHRCKENS";1;0,573684210526316;0;0,573684210526316;0;0
"...4";"FA_Pos";"616034";"0";15;1;3;150;0;"412FA1000EXE300";1;"Runddichtring";"Ø 10,00 x Ø3,00";0;1;1;1;1;1;58098;14.07.1905;142,27;1;30;1;1;0,01;3070360;"GEHRCKENS";1;1,4228;0;1,4228;0;0
"...4";"FA_Pos";"616034";"0";16;1;3;160;0;"421DF0350TKF002";1;"Radial-Dichtring";"";0;1;1;1;1;1;56054;13.07.1905;5113,49;1;30;1;1;0,01;3120090;"FREUDENBERG";1;51,1349;0;51,1349;0;0
"...4";"FA_Pos";"616034";"0";17;1;3;170;0;"443G28119PEH079";1;"Dichtungseinsatz";"NE 32-200";0;0;1;1;1;1;;;;;;;;;;"";1;0;0;27,1;0;0
"....5";"FA_Serie";"443G28119PEH079";"624375";1;0;0;1;0;"";;"";"";0;;1;;;;;;;;;;;;;"";1;0;0;27,1;0;0
".....6";"FA_Pos";"624375";"0";1;0;3;10;0;"EROØ270x80";1;"Ronde, Dichtungseins";"NE 50-32-200";0;1;1;1;1;1;58465;14.07.1905;27,1;1;1;1;1;1;3140100;"OTTEN";1;27,1;0;27,1;0;0
"...4";"FA_Pos";"616034";"0";18;1;1;180;0;"463I20152PPP049";1;"Auffangschale";"NE-Gr.0 + NK/NE-Gr.1";0;0;1;1;1;1;;;;;;;;;;"";1;0;0;2,71;0;0
"....5";"FA_Pos";"616034";"0";19;18;3;190;0;"463C20152PPPFT3";1;"Auffangschale";"FK/NK/NE-Grße 0/1";0;1;1;1;1;1;58468;14.07.1905;2,71;1;1;1;1;1;3060470;"FORMZEUG";1;2,71;0;2,71;0;0
"...4";"FA_Pos";"616034";"0";20;1;3;200;0;"472I30140ISA019";1;"Gleitring";"Grße 1";0;1;1;1;1;1;59372;14.07.1905;15,56;1;1;1;1;1;4030070;"CERAMTEC";1;15,56;0;15,56;0;0
"...4";"FA_Pos";"616034";"0";21;1;3;210;0;"475D30139ISA019";1;"Gegenring";"Grße 1";0;1;1;1;1;1;58892;14.07.1905;9,83;1;1;1;1;1;3050310;"ESK / 3M";1;9,83;0;9,83;0;0
"...4";"FA_Pos";"616034";"0";22;1;3;220;0;"481G18432EXE019";1;"Elastomer-Faltenbalg";"NE/NK-Grße 1";0;1;1;1;1;1;58272;14.07.1905;319;1;30;1;1;0,01;3050330;"ERSO";1;3,19;0;3,19;0;0
"...4";"FA_Pos";"616034";"0";23;1;3;230;0;"482E30514PPP019";1;"Faltenbalgträger";"NE Grße 1";0;0;1;1;1;1;;;;;;;;;;"";1;0;0;6,3523143205;0;0
"....5";"FA_Serie";"482E30514PPP019";"610179";1;0;0;1;0;"";;"";"";0;;1;;;;;;;;;;;;;"";1;0;0;6,3523143205;0;0
".....6";"FA_Pos";"610179";"0";1;0;3;10;0;"ERMPPØ140";1;"Rundmaterial";"Kunststoff";0;1;73,1707;2;1000;5;57713;13.07.1905;5,93;1;7;1;0,5;29,28;3040660;"DUEL";73,1707;6,3523143205;0;6,3523143205;0;0
"...4";"FA_Pos";"616034";"0";24;1;3;240;0;"501E22339SCA019";1;"Ring, zweiteilig";"NE/NK-Grße 1";0;0;1;1;1;1;;;;;;;;;;"";1;0;0;0;0,137354166666667;0
"....5";"FA_Serie";"501E22339SCA019";"622313";1;0;0;1;0;"";;"";"";0;;1;;;;;;;;;;;;;"";1;0;0;0;0,137354166666667;0
".....6";"FA_Pos";"622313";"0";1;0;3;10;0;"ESTØ30B";1;"Rundstahl";"Stahl";0;0;12,5;2;1000;5;54563;12.07.1905;1980;1;18;5;1;0,00555;3080380;"HAKEN";12,5;0;0,137354166666667;0;0,137354166666667;0
"...4";"FA_Pos";"616034";"0";25;1;3;250;0;"505E24968SXK039";1;"Schulterring";"NE - Grße 1";0;0;1;1;1;1;;;;;;;;;;"";1;0;0;0;1,74814166666667;0
"....5";"FA_Serie";"505E24968SXK039";"622334";1;0;0;1;0;"";;"";"";0;;1;;;;;;;;;;;;;"";1;0;0;0;1,74814166666667;0
".....6";"FA_Pos";"622334";"0";1;0;3;10;0;"ESTØ60";1;"Rundstahl";"Stahl";0;0;10,1;2;1000;5;58141;14.07.1905;7,75;1;7;5;1;22,33333;3080380;"HAKEN";10,1;0;1,74814166666667;0;1,74814166666667;0
"...4";"FA_Pos";"616034";"0";26;1;1;260;0;"506E28232PAG019";1;"Haltering, Druckseit";"NE/NK-Grße 1+2";0;0;1;1;1;1;;;;;;;;;;"";1;0;0;0;0,98;0
"....5";"FA_Pos";"616034";"0";27;26;3;270;0;"506F28232PAGFT3";1;"Haltesegment";"NE/NK-Grße 1+2";0;0;4;1;1;1;54343;12.07.1905;24,5;1;30;1;1;0,01;3140160;"OMEGA";4;0;0,98;0;0,98;0
"...4";"FA_Pos";"616034";"0";28;1;3;280;0;"506C30146SRB019";1;"Haltering, Saugseite";"NE/NK-02/03/04";0;0;1;1;1;1;;;;;;;;;;"";1;0;0;0;2,8418;0
"....5";"FA_Serie";"506C30146SRB019";"620027";1;0;0;1;0;"";;"";"";0;;1;;;;;;;;;;;;;"";1;0;0;0;2,8418;0
".....6";"FA_Pos";"620027";"0";1;0;3;10;0;"ERRØ108x16";1;"nahtl. Siederohr";"Ø 108 x 16 mm";0;0;26;2;1000;5;58648;14.07.1905;109,3;1;5;5;1;1;3080380;"HAKEN";26;0;2,8418;0;2,8418;0
"...4";"FA_Pos";"616034";"0";29;1;3;290;0;"507K24969SXK039";1;"Spritzring";"NE/NK/SP/WK, Gr. 1";0;0;1;1;1;1;;;;;;;;;;"";1;0;0;0;3,14935675;0
"....5";"FA_Serie";"507K24969SXK039";"618933";1;0;0;1;0;"";;"";"";0;;1;;;;;;;;;;;;;"";1;0;0;0;3,14935675;0
".....6";"FA_Pos";"618933";"0";1;0;3;10;0;"ESTØ65A";1;"Rundstahl";"Stahl";0;0;15,15;2;1000;5;59292;14.07.1905;7,98;1;7;5;1;26,05;3200550;"THYSSEN";15,15;0;3,14935675;0;3,14935675;0
"...4";"FA_Pos";"616034";"0";30;1;3;300;0;"511I28122GGG019";1;"Zentrierring";"Ø210/150x47";0;0;1;1;1;1;;;;;;;;;;"";1;0;0;10,66;0;0
"....5";"FA_Serie";"511I28122GGG019";"622653";1;0;0;1;0;"";;"";"";0;;1;;;;;;;;;;;;;"";1;0;0;10,66;0;0
".....6";"FA_Pos";"622653";"0";1;0;3;10;0;"511K28122GGGFT3";1;"Zentrierring";"NE, Grße 1";0;1;1;1;1;1;57897;13.07.1905;3,28;1;7;1;1;3,25;3090180;"JÜRGENS";1;10,66;0;10,66;0;0
"...4";"FA_Pos";"616034";"0";31;1;3;310;0;"524I28212IAA129";1;"Wellenschutzhlse";"NE-Grße 1";0;1;1;1;1;1;58425;14.07.1905;138,7;1;1;1;1;1;3020720;"BARAT";1;138,7;0;138,7;0;0
"...4";"FA_Pos";"616034";"0";32;1;3;320;0;"550K22785SCA029";1;"Scheibe";"NE/NK, Grße 1";0;0;1;1;1;1;;;;;;;;;;"";1;0;0;0;2,426526875;0
"....5";"FA_Serie";"550K22785SCA029";"600793";1;0;0;1;0;"";;"";"";0;;1;;;;;;;;;;;;;"";1;0;0;0;2,426526875;0
".....6";"FA_Pos";"600793";"0";1;0;3;10;0;"ESTØ105A";1;"Rundstahl";"Stahl";0;0;12,75;2;1000;5;58254;14.07.1905;2800;1;18;5;1;0,06797;3020210;"BRÜCK";12,75;0;2,426526875;0;2,426526875;0
".....6";"FA_Pos";"600793";"0";2;0;3;20;0;"ESTØ105";1;"Rundstahl";"Stahl";0;0;0;2;1000;5;41218;06.07.1905;94;1;5;5;1;1;3080380;"HAKEN";0;0;0;0;0;0
"...4";"FA_Pos";"616034";"0";33;1;3;330;0;"552EA0150SKF000";1;"Tellerfeder";"Ø56/28,5x2";0;0;1;1;1;1;57579;13.07.1905;52,75;1;30;1;1;0,01;3170170;"SN";1;0;0,5275;0;0,5275;0
"...4";"FA_Pos";"616034";"0";34;1;3;340;0;"554IA0170SAA000";1;"Unterlegscheibe";"A17";0;0;4;1;1;1;59017;14.07.1905;5,99;1;30;1;1;0,01;3160010;"REYHER";4;0;0,2396;0;0,2396;0
"...4";"FA_Pos";"616034";"0";35;1;3;350;0;"554IA0170SAA000";1;"Unterlegscheibe";"A17";0;0;4;1;1;1;59017;14.07.1905;5,99;1;30;1;1;0,01;3160010;"REYHER";4;0;0,2396;0;0,2396;0
"...4";"FA_Pos";"616034";"0";36;1;3;360;0;"554GA0130SAA000";1;"Unterlegscheibe";"A13";0;0;2;1;1;1;58715;14.07.1905;3,76;1;30;1;1;0,01;3160010;"REYHER";2;0;0,0752;0;0,0752;0
"...4";"FA_Pos";"616034";"0";37;1;3;370;0;"580IA0014PVC001";1;"Kappe";"R1/4""";0;0;1;1;1;1;55668;12.07.1905;6,13;1;1;1;1;1;3120060;"SPAETER";1;0;3,678;0;3,678;0
"...4";"FA_Pos";"616034";"0";38;1;1;380;0;"683B30881PET049";1;"Haube, rechts";"NE-Grße 1";0;0;1;1;1;1;;;;;;;;;;"";1;0;0;0;9,8948;0
"....5";"FA_Pos";"616034";"0";39;38;1;390;0;"683F30881PET019";1;"Haube, rechts";"NE-Grße 1";0;1;1;1;1;1;;;;;;;;;;"";1;0;0;0;9,8948;0
".....6";"FA_Pos";"616034";"0";40;39;3;400;0;"683L30881PETF13";1;"Haube, rechts";"NE-Grße 1";0;0;1;1;1;1;57979;13.07.1905;9,78;1;1;1;1;1;3120460;"META";1;0;9,78;0;9,78;0
".....6";"FA_Pos";"616034";"0";41;39;3;410;0;"554AL0062PAM005";1;"Unverlierbarkeitssch";"";0;0;1;1;1;1;58652;14.07.1905;22,4;1;31;1;1;0,001;3020900;"BÜLTE";1;0;0,0224;0;0,0224;0
".....6";"FA_Pos";"616034";"0";42;39;3;420;0;"901HB0008SAB016";1;"Sechskantschraube";"M8x16";0;0;1;1;1;1;58889;14.07.1905;9,24;1;30;1;1;0,01;3160010;"REYHER";1;0;0,0924;0;0,0924;0
"...4";"FA_Pos";"616034";"0";43;1;1;430;0;"683I30881PET129";1;"Haube, links";"NE-Grße 1";0;0;1;1;1;1;;;;;;;;;;"";1;0;0;0;0,1148;0
"....5";"FA_Pos";"616034";"0";44;43;1;440;0;"683C30881PET119";1;"Haube, links";"NE-Grße 1";0;1;1;1;1;1;;;;;;;;;;"";1;0;0;0;0,1148;0
".....6";"FA_Pos";"616034";"0";45;44;3;450;0;"683F30881PETF23";1;"Haube, links";"NE-Grße 1";0;0;1;1;1;1;;;;;;;;;;"";1;0;0;0;0;0
".....6";"FA_Pos";"616034";"0";46;44;3;460;0;"554AL0062PAM005";1;"Unverlierbarkeitssch";"";0;0;1;1;1;1;58652;14.07.1905;22,4;1;31;1;1;0,001;3020900;"BÜLTE";1;0;0,0224;0;0,0224;0
".....6";"FA_Pos";"616034";"0";47;44;3;470;0;"901HB0008SAB016";1;"Sechskantschraube";"M8x16";0;0;1;1;1;1;58889;14.07.1905;9,24;1;30;1;1;0,01;3160010;"REYHER";1;0;0,0924;0;0,0924;0
"...4";"FA_Pos";"616034";"0";48;1;3;480;0;"710AC0150SXK003";1;"Rohr";"Ø12x1x150";0;0;1;1;1;1;58047;13.07.1905;4,4;1;1;1;1;1;3160440;"RRG";1;0;4,4;0;4,4;0
"...4";"FA_Pos";"616034";"0";49;1;3;490;0;"731IA0014SXK012";1;"Ermeto-Verschraubung";"12-G1/4A";0;0;1;1;1;1;57610;13.07.1905;5,79;1;1;1;1;1;3100730;"KRAUSE";1;0;5,79;0;5,79;0
"...4";"FA_Pos";"616034";"0";50;1;3;500;0;"739CB0012PVC000";1;"Schlauchnippel";"R1/2""x66";0;0;1;1;1;1;58777;14.07.1905;1,45;1;1;1;1;1;3100730;"KRAUSE";1;0;1,45;0;1,45;0
"...4";"FA_Pos";"616034";"0";51;1;3;510;0;"739L21062PPP209";1;"Schlauchnippel";"Grße 0-4";0;0;1;1;1;1;;;;;;;;;;"";1;0;0;0,2628;0;0
"....5";"FA_Serie";"739L21062PPP209";"619354";1;0;0;1;0;"";;"";"";0;;1;;;;;;;;;;;;;"";1;0;0;0,2628;0;0
".....6";"FA_Pos";"619354";"0";1;0;3;10;0;"ERMPPØ20";1;"Rundmaterial";"Kunststoff";0;1;120;2;1000;5;59176;14.07.1905;7,3;1;7;1;0,5;0,6;3040660;"DUEL";120;0,2628;0;0,2628;0;0
"...4";"FA_Pos";"616034";"0";52;1;3;520;0;"739C21062PPP059";1;"Schlauchnippel";"NE-Grße 1-3";0;0;1;1;1;1;;;;;;;;;;"";1;0;0;0,31285683;0;0
"....5";"FA_Serie";"739C21062PPP059";"623883";1;0;0;1;0;"";;"";"";0;;1;;;;;;;;;;;;;"";1;0;0;0,31285683;0;0
".....6";"FA_Pos";"623883";"0";1;0;3;10;0;"ERMPPØ20";1;"Rundmaterial";"Kunststoff";0;1;142,857;2;1000;5;59176;14.07.1905;7,3;1;7;1;0,5;0,6;3040660;"DUEL";142,857;0,31285683;0;0,31285683;0;0
"...4";"FA_Pos";"616034";"0";53;1;3;530;0;"790HA0005PPP000";1;"Durchflußkonstanthal";"0,5 l/min. - yellow";0;1;1;1;1;1;58923;14.07.1905;103,57;1;30;1;1;0,01;3230740;"NEOPERL";1;1,0357;0;1,0357;0;0
"...4";"FA_Pos";"616034";"0";54;1;3;540;0;"901DB0012SAA035";1;"Sechskantschraube";"M12x35";0;0;1;1;1;1;;;;;;;;;;"";1;0;0;0;0;0
"...4";"FA_Pos";"616034";"0";55;1;3;550;0;"902KA0016SAA045";1;"Stiftschraube";"M16x45";0;0;4;1;1;1;58781;14.07.1905;141,38;1;30;1;1;0,01;3230430;"WASI";4;0;5,6552;0;5,6552;0
"...4";"FA_Pos";"616034";"0";56;1;3;560;0;"902HA0016SAA070";1;"Stiftschraube";"M16x70";0;0;4;1;1;1;59219;14.07.1905;152,47;1;30;1;1;0,01;3160010;"REYHER";4;0;6,0988;0;6,0988;0
"...4";"FA_Pos";"616034";"0";57;1;3;570;0;"902HA0012SAA030";1;"Stiftschraube";"M12x30";0;0;6;1;1;1;57738;13.07.1905;37,06;1;30;1;1;0,01;3230430;"WASI";6;0;2,2236;0;2,2236;0
"...4";"FA_Pos";"616034";"0";58;1;3;580;0;"902HA0012SAA030";1;"Stiftschraube";"M12x30";0;0;6;1;1;1;57738;13.07.1905;37,06;1;30;1;1;0,01;3230430;"WASI";6;0;2,2236;0;2,2236;0
"...4";"FA_Pos";"616034";"0";59;1;3;590;0;"904HC0012SAA045";1;"Gewindestift";"M12x45";0;0;2;1;1;1;58313;14.07.1905;95;1;30;1;1;0,01;3040790;"DSK";2;0;1,9;0;1,9;0
"...4";"FA_Pos";"616034";"0";60;1;3;600;0;"914CC0016SAA030";1;"Zylinderschraube";"M16x30";0;0;2;1;1;1;58780;14.07.1905;90,94;1;30;1;1;0,01;3160010;"REYHER";2;0;1,8188;0;1,8188;0
"...4";"FA_Pos";"616034";"0";61;1;3;610;0;"916K21061PVC019";1;"Stopfen";"FK/NK/NE";0;1;1;1;1;1;58786;14.07.1905;1,71;1;1;1;1;1;3100090;"KERREN";1;1,71;0;1,71;0;0
"...4";"FA_Pos";"616034";"0";62;1;3;620;0;"920AA0016SAA000";1;"Sechskantmutter";"M16";0;0;4;1;1;1;59065;14.07.1905;15,8;1;1;1;1;0,01;3160010;"REYHER";4;0;0,632;0;0,632;0
"...4";"FA_Pos";"616034";"0";63;1;3;630;0;"920AA0016SAA000";1;"Sechskantmutter";"M16";0;0;4;1;1;1;59065;14.07.1905;15,8;1;1;1;1;0,01;3160010;"REYHER";4;0;0,632;0;0,632;0
"...4";"FA_Pos";"616034";"0";64;1;3;640;0;"920CA0012SAA000";1;"Sechskantmutter";"M12";0;0;6;1;1;1;58564;14.07.1905;10,2;1;30;1;1;0,01;3230430;"WASI";6;0;0,612;0;0,612;0
"...4";"FA_Pos";"616034";"0";65;1;3;650;0;"920CA0012SAA000";1;"Sechskantmutter";"M12";0;0;6;1;1;1;58564;14.07.1905;10,2;1;30;1;1;0,01;3230430;"WASI";6;0;0,612;0;0,612;0
"...4";"FA_Pos";"616034";"0";66;1;3;660;0;"920AB0012SAA000";1;"Sechskantmutter";"M12";0;0;2;1;1;1;59353;14.07.1905;5,51;1;30;1;1;0,01;3130200;"NORM";2;0;0,1102;0;0,1102;0
"...4";"FA_Pos";"616034";"0";67;1;3;670;0;"920CA0012SAA000";1;"Sechskantmutter";"M12";0;0;1;1;1;1;58564;14.07.1905;10,2;1;30;1;1;0,01;3230430;"WASI";1;0;0,102;0;0,102;0
"..3";"FA_Pos";"616034";"0";68;0;1;680;0;"G-003-006-A2";0;"Vorlage Grundplatten";"32-200 / 90L";0;0;1;1;1;1;;;;;;;;;;"";1;0;0;275,07;4,7314;0
"...4";"FA_Pos";"616034";"0";69;68;3;690;0;"554GA0130SAA000";1;"Unterlegscheibe";"A13";0;0;4;1;1;1;58715;14.07.1905;3,76;1;30;1;1;0,01;3160010;"REYHER";4;0;0,1504;0;0,1504;0
"...4";"FA_Pos";"616034";"0";70;68;3;700;0;"554GA0130SAA000";1;"Unterlegscheibe";"A13";0;0;2;1;1;1;58715;14.07.1905;3,76;1;30;1;1;0,01;3160010;"REYHER";2;0;0,0752;0;0,0752;0
"...4";"FA_Pos";"616034";"0";71;68;3;710;0;"554FA0084SAA000";1;"Unterlegscheibe";"A8,4";0;0;4;1;1;1;56654;13.07.1905;0,77;1;30;1;1;0,01;3220150;"VVE";4;0;0,0308;0;0,0308;0
"...4";"FA_Pos";"616034";"0";72;68;3;720;0;"554IA0170SAA000";1;"Unterlegscheibe";"A17";0;0;4;1;1;1;59017;14.07.1905;5,99;1;30;1;1;0,01;3160010;"REYHER";4;0;0,2396;0;0,2396;0
"...4";"FA_Pos";"616034";"0";73;68;1;730;0;"681I30141STA519";1;"Kupplungsschutz";"NE-Grße 1";0;0;2;1;1;1;;;;;;;;;;"";2;0;0;30,24;0,9576;0
"....5";"FA_Pos";"616034";"0";74;73;3;740;0;"681B30141STA019";1;"Kupplungsschutz";"NE-Grße 1";0;1;2;1;1;1;56787;13.07.1905;7,56;1;1;1;1;1;3100430;"KNIGGE";4;30,24;0;30,24;0;0
"....5";"FA_Pos";"616034";"0";75;73;3;750;0;"901HB0008SAB016";1;"Sechskantschraube";"M8x16";0;0;4;1;1;1;58889;14.07.1905;9,24;1;30;1;1;0,01;3160010;"REYHER";8;0;0,7392;0;0,7392;0
"....5";"FA_Pos";"616034";"0";76;73;3;760;0;"554DG0084SAB000";1;"Unterlegscheibe";"Ø8,4";0;0;4;1;1;1;55884;13.07.1905;2,73;1;30;1;1;0,01;3230430;"WASI";8;0;0,2184;0;0,2184;0
"....5";"FA_Pos";"616034";"0";77;73;3;770;0;"554AL0082PAM016";1;"Nob-Unverlierbarkeit";"";0;0;4;1;1;1;;;;;;;;;;"";8;0;0;0;0;0
"...4";"FA_Pos";"616034";"0";78;68;3;780;0;"810A30440STA119";1;"Motorplatte";"Motor 90L; 100L; 112";0;0;1;1;1;1;;;;;;;;;;"";1;0;0;10,58;0;0
"....5";"FA_Serie";"810A30440STA119";"620391";1;0;0;1;0;"";;"";"";0;;1;;;;;;;;;;;;;"";1;0;0;10,58;0;0
".....6";"FA_Pos";"620391";"0";1;0;3;10;0;"EPL300X290X10";1;"Platte";"300X290X10mm";0;1;1;1;1;1;57093;13.07.1905;10,58;1;1;1;1;1;3230820;"WASSERMANN";1;10,58;0;10,58;0;0
"...4";"FA_Pos";"616034";"0";79;68;3;790;0;"890L30031GGB019";1;"Grundplatte";"Grße 3";0;1;1;1;1;1;59270;14.07.1905;225,13;1;1;1;1;1;4170080;"SAPAL";1;225,13;0;225,13;0;0
"...4";"FA_Pos";"616034";"0";80;68;3;800;0;"901FB0012SAA030";1;"Sechskantschraube";"M12x30";0;0;4;1;1;1;58207;14.07.1905;22,41;1;30;1;1;0,01;3160010;"REYHER";4;0;0,8964;0;0,8964;0
"...4";"FA_Pos";"616034";"0";81;68;3;810;0;"901IB0012SAA025";1;"Sechskantschraube";"M12x25";0;0;2;1;1;1;58657;14.07.1905;20,77;1;30;1;1;0,01;3230430;"WASI";2;0;0,4154;0;0,4154;0
"...4";"FA_Pos";"616034";"0";82;68;3;820;0;"901LB0008SAA025";1;"Sechskantschraube";"M8x25";0;0;4;1;1;1;59119;14.07.1905;10,5;1;30;1;1;0,01;3170170;"SN";4;0;0,42;0;0,42;0
"...4";"FA_Pos";"616034";"0";83;68;3;830;0;"909BA0016SAA110";1;"Gewindebolzen";"M16x110";0;1;4;1;1;1;58830;14.07.1905;228;1;30;1;1;0,01;3170170;"SN";4;9,12;0;9,12;0;0
"...4";"FA_Pos";"616034";"0";84;68;3;840;0;"920AA0016SAA000";1;"Sechskantmutter";"M16";0;0;4;1;1;1;59065;14.07.1905;15,8;1;1;1;1;0,01;3160010;"REYHER";4;0;0,632;0;0,632;0
"...4";"FA_Pos";"616034";"0";85;68;3;850;0;"920AA0016SAA000";1;"Sechskantmutter";"M16";0;0;4;1;1;1;59065;14.07.1905;15,8;1;1;1;1;0,01;3160010;"REYHER";4;0;0,632;0;0,632;0
"...4";"FA_Pos";"616034";"0";86;68;3;860;0;"920KB0016SAA000";1;"Sechskantmutter";"M16";0;0;4;1;1;1;54223;12.07.1905;7,05;1;30;1;1;0,01;3230430;"WASI";4;0;0,282;0;0,282;0
"..3";"FA_Pos";"616034";"0";87;0;1;870;0;"K-H05-2424-A-01";0;"Vorlage Kupplungstei";"Flender o. gleichw.";0;0;1;1;1;1;;;;;;;;;;"";1;0;0;0;44,67;0
"...4";"FA_Pos";"616034";"0";88;87;1;880;0;"840IH2424GGB005";1;"Kupplung";"z.B.Rathi";0;0;1;1;1;1;;;;;;;;;;"";1;0;0;0;44,67;0
"....5";"FA_Pos";"616034";"0";89;88;3;890;0;"860EH0182GGB124";1;"Paketteil";"z.B.Rathi";0;0;1;1;1;1;55769;12.07.1905;9,53;1;1;1;1;1;3160120;"RATHI D";1;0;9,53;0;9,53;0
"....5";"FA_Pos";"616034";"0";90;88;3;900;0;"860CH0304GGB124";1;"Flanschteil";"z.B.Rathi";0;0;1;1;1;1;53408;11.07.1905;10,15;1;1;1;1;1;3160120;"RATHI D";1;0;10,15;0;10,15;0
"....5";"FA_Pos";"616034";"0";91;88;3;910;0;"860HH0505GGB000";1;"Zwischenhlse";"z.B.Rathi";0;0;1;1;1;1;58241;14.07.1905;18,25;1;1;1;1;1;3160120;"RATHI D";1;0;18,25;0;18,25;0
"....5";"FA_Pos";"616034";"0";92;88;3;920;0;"860GH0404GGB000";1;"Klauenteil";"z.B.Rathi";0;0;1;1;1;1;54788;12.07.1905;6,74;1;1;1;1;1;3160120;"RATHI D";1;0;6,74;0;6,74;0
"..3";"FA_Pos";"616034";"0";93;0;3;970;0;"970H31036SXB069";1;"Typenschild Pumpen";"alle Typen";0;0;1;1;1;1;53357;11.07.1905;115,8;1;30;1;1;0,01;3150040;"PINTER";1;0;1,158;0;1,158;0
"..3";"FA_Pos";"616034";"0";94;0;1;925;0;"V-N-03-02-01";0;"Vorlage Verankerungs";"Gampper D75";0;0;1;1;1;1;;;;;;;;;;"";1;0;0;0;46,3792;0
"...4";"FA_Pos";"616034";"0";95;94;3;930;0;"554IA0170SAA000";1;"Unterlegscheibe";"A17";0;0;8;1;1;1;59017;14.07.1905;5,99;1;30;1;1;0,01;3160010;"REYHER";8;0;0,4792;0;0,4792;0
"...4";"FA_Pos";"616034";"0";96;94;3;940;0;"909K31240SAA019";1;"Stellschraube";"M16x150";0;0;4;1;1;1;59143;14.07.1905;468;1;30;1;1;0,01;3080610;"HILGENBERG";4;0;18,72;0;18,72;0
"...4";"FA_Pos";"616034";"0";97;94;3;950;0;"920AA0016SAA000";1;"Sechskantmutter";"M16";0;0;8;1;1;1;59065;14.07.1905;15,8;1;1;1;1;0,01;3160010;"REYHER";8;0;1,264;0;1,264;0
"...4";"FA_Pos";"616034";"0";98;94;3;960;0;"980GE0001SXB000";1;"Nivellierelement";"D75";0;0;4;1;1;1;58773;14.07.1905;6,82;1;1;1;1;1;3070400;"GAMPPER";4;0;25,916;0;25,916;0
".2";"FA_Komm";"142567";"616163";2;0;0;2;2;"";;"";"";0;;1;;;;;;;;;;;;;"";1;0;0;0;0;0
"..3";"FA_Pos";"616163";"0";1;0;3;10;0;"233H23538PERN03";1;"Linkslaufrad, halbof";"32+40+50-200";0;0;1;1;1;1;;;;;;;;;;"";1;0;0;0;0;0
"...4";"FA_Serie";"233H23538PERN03";"617271";1;0;0;1;0;"";;"";"";0;;1;;;;;;;;;;;;;"";1;0;0;0;0;0
"....5";"FA_Pos";"617271";"0";1;0;3;10;0;"233D23538PERF03";1;"Linkslaufrad, halbof";"32+40+50-200";0;1;1;1;1;1;;;;;;;;;;"";1;0;0;0;0;0
".....6";"Teil";"233D23538PERF03";"0";10;0;0;10;0;"544C30439NKM019";1;"Gewindebuchse";"Grße 1";0;0;1;1;1;1;53670;11.07.1905;8,89;1;1;1;1;1;3170610;"SIPS";1;0;0;0;0;0
"1";"KA_Pos";"142567";"0";3;0;0;3;0;"800EK2201090010";1;"Motor";"";1;0;1;1;1;1;58320;14.07.1905;183;1;1;1;1;1;3230420;"WEG";1;0;145,85;0;145,85;0
"1";"KA_Pos";"142567";"0";4;0;0;4;0;"800EK2201090020";1;"Motor";"";1;0;1;1;1;1;;;;;;;;;;"";1;0;0;0;0;0
