142591;1;1010030;2;22.0133 (11059);1                                       ;NEGrI                                   ;0;NEPO 65-40-200 D;2;0
142591;2;1010030;2;22.0133 (11059);2                                       ;NEGrI                                   ;0;NEPF 50-32-200;1;0
142591;3;1010030;1;22.0133 (11059);3                                       ;800EK2201330020                         ;1;;2;0
142591;4;1010030;1;22.0133 (11059);4                                       ;800EK2201330030                         ;1;;1;0
142591;5;1010030;2;22.0133 (11059);5                                       ;PPA0INE01UAA000                         ;0;22.0133/1+2;1;0
142591;6;1010030;2;22.0133 (11059);6                                       ;PPA0INE01UAA000                         ;0;22.0133/3;1;0
142591;1;1010030;2;22.0133 (11059);1                                       ;NEGrI                                   ;0;NEPO 65-40-200 D;2;0
142591;2;1010030;2;22.0133 (11059);2                                       ;NEGrI                                   ;0;NEPF 50-32-200;1;0
142591;3;1010030;1;22.0133 (11059);3                                       ;800EK2201330020                         ;1;;2;0
142591;4;1010030;1;22.0133 (11059);4                                       ;800EK2201330030                         ;1;;1;0
142591;5;1010030;2;22.0133 (11059);5                                       ;PPA0INE01UAA000                         ;0;22.0133/1+2;1;0
142591;6;1010030;2;22.0133 (11059);6                                       ;PPA0INE01UAA000                         ;0;22.0133/3;1;0
142591;1;1010030;2;22.0133 (11059);1                                       ;NEGrI                                   ;0;NEPO 65-40-200 D;2;0
142591;2;1010030;2;22.0133 (11059);2                                       ;NEGrI                                   ;0;NEPF 50-32-200;1;0
142591;3;1010030;1;22.0133 (11059);3                                       ;800EK2201330020                         ;1;;2;0
142591;4;1010030;1;22.0133 (11059);4                                       ;800EK2201330030                         ;1;;1;0
142591;5;1010030;2;22.0133 (11059);5                                       ;PPA0INE01UAA000                         ;0;22.0133/1+2;1;0
142591;6;1010030;2;22.0133 (11059);6                                       ;PPA0INE01UAA000                         ;0;22.0133/3;1;0
142590;1;1450060;2;22.0132 (10438);1                                       ;NEGrII                                  ;0;NEPO 125-100-200;2;0
142590;2;1450060;2;22.0132 (10438);2                                       ;NEGrI                                   ;0;NEPO 80-50-200;2;0
142590;3;1450060;2;22.0132 (10438);3                                       ;PHA3BNE02UAA000                         ;0;22.0132/1+2;2;0
142590;4;1450060;2;22.0132 (10438);4                                       ;PHA3BNE01UAA000                         ;0;22.0132/3+4;2;0
142590;5;1450060;1;22.0132 (10438);5                                       ;791EK2201320020                         ;1;Thermosiphonsystem;2;0
142590;1;1450060;2;22.0132 (10438);1                                       ;NEGrII                                  ;0;NEPO 125-100-200;2;0
142590;2;1450060;2;22.0132 (10438);2                                       ;NEGrI                                   ;0;NEPO 80-50-200;2;0
142590;3;1450060;2;22.0132 (10438);3                                       ;PHA3BNE02UAA000                         ;0;22.0132/1+2;2;0
142590;4;1450060;2;22.0132 (10438);4                                       ;PHA3BNE01UAA000                         ;0;22.0132/3+4;2;0
142590;5;1450060;1;22.0132 (10438);5                                       ;791EK2201320020                         ;1;Thermosiphonsystem;2;0
142589;1;1100600;2;22.0131 (12506);1                                       ;NEGrII                                  ;0;NEPO 125-80-200;1;0
142589;2;1100600;1;22.0131 (12506);2                                       ;800EK2201310010                         ;1;;1;0
142589;3;1100600;2;22.0131 (12506);3                                       ;PKA3BXXXX200000                         ;0;22.0131;1;0
142589;1;1100600;2;22.0131 (12506);1                                       ;NEGrII                                  ;0;NEPO 125-80-200;1;0
142589;2;1100600;1;22.0131 (12506);2                                       ;800EK2201310010                         ;1;;1;0
142589;3;1100600;2;22.0131 (12506);3                                       ;PKA3BXXXX200000                         ;0;22.0131;1;0
142588;1;1020450;2;22.0130 (12531);1                                       ;NEGrI                                   ;0;NEPO 50-32-200;1;0
142588;1;1020450;2;22.0130 (12531);1                                       ;NEGrI                                   ;0;NEPO 50-32-200;1;0
142587;1;1290010;2;22.0129 (12517);1                                       ;SP40-50                                 ;0;SP 40/50;1;0
142587;1;1290010;2;22.0129 (12517);1                                       ;SP40-50                                 ;0;SP 40/50;1;0
142586;1;2200050;2;22.0128 (12472);1                                       ;VFGrI                                   ;0;VKPF 32-200;1;0
142586;2;2200050;1;22.0128 (12472);2                                       ;800EK2201280010                         ;1;;1;0
142586;1;2200050;2;22.0128 (12472);1                                       ;VFGrI                                   ;0;VKPF 32-200;1;0
142586;2;2200050;1;22.0128 (12472);2                                       ;800EK2201280010                         ;1;;1;0
142585;1;2200050;2;22.0127 (12529);1                                       ;NEGrII                                  ;0;NEPO 65-40-250;1;0
142585;1;2200050;2;22.0127 (12529);1                                       ;NEGrII                                  ;0;NEPO 65-40-250;1;0
142584;1;2110280;2;22.0126 (12425);1                                       ;NEGrI                                   ;0;NEWO 50-32-200;1;0
142584;2;2110280;2;22.0126 (12425);2                                       ;PPA0INE01PAA000                         ;0;22.0126;1;0
142584;1;2110280;2;22.0126 (12425);1                                       ;NEGrI                                   ;0;NEWO 50-32-200;1;0
142584;2;2110280;2;22.0126 (12425);2                                       ;PPA0INE01PAA000                         ;0;22.0126;1;0
142583;1;2040110;2;22.0125 (12239);1                                       ;NEGrII                                  ;0;NEPO 125-80-250;2;0
142583;1;2040110;2;22.0125 (12239);1                                       ;NEGrII                                  ;0;NEPO 125-80-250;2;0
142582;1;2110280;2;22.0124 (12527);1                                       ;NEGrI                                   ;0;NEPO 50-32-200;1;0
142582;1;2110280;2;22.0124 (12527);1                                       ;NEGrI                                   ;0;NEPO 50-32-200;1;0
142581;1;1420370;2;22.0123 (12436);1                                       ;NEGr0                                   ;0;NEPO 40-25-160;1;0
142581;1;1420370;2;22.0123 (12436);1                                       ;NEGr0                                   ;0;NEPO 40-25-160;1;0
142580;1;1100610;2;22.0122 (12509);1                                       ;FMGrI                                   ;0;FMPO 50-32-160 D;1;0
142580;2;1100610;2;22.0122 (12509);2                                       ;PPA0IFM01PAA000                         ;0;22.0122;1;0
142580;1;1100610;2;22.0122 (12509);1                                       ;FMGrI                                   ;0;FMPO 50-32-160 D;1;0
142580;2;1100610;2;22.0122 (12509);2                                       ;PPA0IFM01PAA000                         ;0;22.0122;1;0
142579;1;1030240;2;22.0121 (12460);1                                       ;NEGrIII                                 ;0;NEPD 200-150-250;1;0
142579;2;1030240;2;22.0121 (12460);2                                       ;PHA3BNE03UAA000                         ;0;22.0121;1;0
142579;3;1030240;1;22.0121 (12460);3                                       ;800EK2201210010                         ;1;;1;0
142579;1;1030240;2;22.0121 (12460);1                                       ;NEGrIII                                 ;0;NEPD 200-150-250;1;0
142579;2;1030240;2;22.0121 (12460);2                                       ;PHA3BNE03UAA000                         ;0;22.0121;1;0
142579;3;1030240;1;22.0121 (12460);3                                       ;800EK2201210010                         ;1;;1;0
142578;1;1380150;2;22.0120 (12512);1                                       ;NEGrII                                  ;0;NEKF 50-32-200;2;0
142578;2;1380150;2;22.0120 (12512);2                                       ;PPA0INE01PAA000                         ;0;22.0120/1+2;1;0
142578;1;1380150;2;22.0120 (12512);1                                       ;NEGrII                                  ;0;NEKF 50-32-200;2;0
142578;2;1380150;2;22.0120 (12512);2                                       ;PPA0INE01PAA000                         ;0;22.0120/1+2;1;0
142577;1;1020460;2;22.0119 (12496);1                                       ;NEGrI                                   ;0;NEPO 50-32-160;1;0
142577;1;1020460;2;22.0119 (12496);1                                       ;NEGrI                                   ;0;NEPO 50-32-160;1;0
142576;1;1100440;2;22.0118 (12492);1                                       ;NEGrIII                                 ;0;NEKO 125-80-315;1;0
142576;1;1100440;2;22.0118 (12492);1                                       ;NEGrIII                                 ;0;NEKO 125-80-315;1;0
142575;1;2020310;2;22.0117 (12514);1                                       ;NEGrI                                   ;0;NEPO 50-32-160;1;0
142575;1;2020310;2;22.0117 (12514);1                                       ;NEGrI                                   ;0;NEPO 50-32-160;1;0
142574;1;211003001;2;22.0116 (12475);1                                       ;NEGrIII                                 ;0;NEPO 125-100-250;1;0
142574;1;211003001;2;22.0116 (12475);1                                       ;NEGrIII                                 ;0;NEPO 125-100-250;1;0
142573;1;2070130;2;22.0115 (12315);1                                       ;NEGrI                                   ;0;NEPO 50-32-200;1;0
142573;2;2070130;2;22.0115 (12315);2                                       ;NEGrI                                   ;0;NEPO 50-32-200;1;0
142573;3;2070130;2;22.0115 (12315);3                                       ;NEGrII                                  ;0;NEPO 50-32-250;1;0
142573;4;2070130;2;22.0115 (12315);4                                       ;NEGrIII                                 ;0;NEPO 125-100-250;1;0
142573;5;2070130;2;22.0115 (12315);5                                       ;NEGrIII                                 ;0;NEPO 125-100-250;1;0
142573;6;2070130;2;22.0115 (12315);6                                       ;NEGrIII                                 ;0;NEPO 150-125-315;1;0
142573;1;2070130;2;22.0115 (12315);1                                       ;NEGrI                                   ;0;NEPO 50-32-200;1;0
142573;2;2070130;2;22.0115 (12315);2                                       ;NEGrI                                   ;0;NEPO 50-32-200;1;0
142573;3;2070130;2;22.0115 (12315);3                                       ;NEGrII                                  ;0;NEPO 50-32-250;1;0
142573;4;2070130;2;22.0115 (12315);4                                       ;NEGrIII                                 ;0;NEPO 125-100-250;1;0
142573;5;2070130;2;22.0115 (12315);5                                       ;NEGrIII                                 ;0;NEPO 125-100-250;1;0
142573;6;2070130;2;22.0115 (12315);6                                       ;NEGrIII                                 ;0;NEPO 150-125-315;1;0
142572;1;2030010;2;22.0114 (12434);1                                       ;NEGrI                                   ;0;NEPO 50-32-200;1;0
142572;2;2030010;2;22.0114 (12434);2                                       ;PPA0INE01PAA000                         ;0;22.0114;1;0
142572;1;2030010;2;22.0114 (12434);1                                       ;NEGrI                                   ;0;NEPO 50-32-200;1;0
142572;2;2030010;2;22.0114 (12434);2                                       ;PPA0INE01PAA000                         ;0;22.0114;1;0
142571;1;2100010;2;22.0113 (12502);1                                       ;NEGrII                                  ;0;NEPO 125-80-250;1;0
142571;1;2100010;2;22.0113 (12502);1                                       ;NEGrII                                  ;0;NEPO 125-80-250;1;0
142570;1;1440100;2;22.0112 (12501);1                                       ;NEGrII                                  ;0;NEPO 125-80-250;1;0
142570;1;1440100;2;22.0112 (12501);1                                       ;NEGrII                                  ;0;NEPO 125-80-250;1;0
142569;1;1080100;2;22.0111 (12383);1                                       ;VFGr0                                   ;0;VKPF 25-160;3;0
142569;2;1080100;1;22.0111 (12383);2                                       ;800EK2201110030                         ;1;;3;0
142569;1;1080100;2;22.0111 (12383);1                                       ;VFGr0                                   ;0;VKPF 25-160;3;0
142569;2;1080100;1;22.0111 (12383);2                                       ;800EK2201110030                         ;1;;3;0
142568;1;2100010;2;22.0110 (12441);1                                       ;NEGrII                                  ;0;NEPO 65-40-250 D;1;0
142568;1;2100010;2;22.0110 (12441);1                                       ;NEGrII                                  ;0;NEPO 65-40-250 D;1;0
142567;1;1440030;2;22.0109 (11990);1                                       ;FKGr0                                   ;0;FKPO 40-25-160;1;0
142567;2;1440030;2;22.0109 (11990);2                                       ;NEGrI                                   ;0;NEPO 50-32-200;1;0
142567;3;1440030;1;22.0109 (11990);3                                       ;800EK2201090010                         ;1;;1;0
142567;4;1440030;1;22.0109 (11990);4                                       ;800EK2201090020                         ;1;;1;0
142567;1;1440030;2;22.0109 (11990);1                                       ;FKGr0                                   ;0;FKPO 40-25-160;1;0
142567;2;1440030;2;22.0109 (11990);2                                       ;NEGrI                                   ;0;NEPO 50-32-200;1;0
142567;3;1440030;1;22.0109 (11990);3                                       ;800EK2201090010                         ;1;;1;0
142567;4;1440030;1;22.0109 (11990);4                                       ;800EK2201090020                         ;1;;1;0
142565;1;1170140;2;22.0107 (12461);1                                       ;NEGrI                                   ;0;NEPO 50-32-160;1;0
142565;2;1170140;1;22.0107 (12461);2                                       ;800EK2201070010                         ;1;;1;0
142565;1;1170140;2;22.0107 (12461);1                                       ;NEGrI                                   ;0;NEPO 50-32-160;1;0
142565;2;1170140;1;22.0107 (12461);2                                       ;800EK2201070010                         ;1;;1;0
142566;1;202037001;2;22.0108 (12484);1                                       ;NEGrI                                   ;0;NEPO 80-50-200;1;0
142566;2;202037001;1;22.0108 (12484);2                                       ;800EK2201080010                         ;1;;1;0
142566;1;202037001;2;22.0108 (12484);1                                       ;NEGrI                                   ;0;NEPO 80-50-200;1;0
142566;2;202037001;1;22.0108 (12484);2                                       ;800EK2201080010                         ;1;;1;0
142063;1;1370080;2;22.0028 (12365);1                                       ;FEGrII                                  ;0;FEPO 50-32-250;1;0
142063;2;1370080;2;22.0028 (12365);2                                       ;FEGrII                                  ;0;FEPO 50-32-250;1;0
142063;3;1370080;1;22.0028 (12365);3                                       ;800EK2200280010                         ;1;;1;0
142063;1;1370080;2;22.0028 (12365);1                                       ;FEGrII                                  ;0;FEPO 50-32-250;1;0
142063;2;1370080;2;22.0028 (12365);2                                       ;FEGrII                                  ;0;FEPO 50-32-250;1;0
142063;3;1370080;1;22.0028 (12365);3                                       ;800EK2200280010                         ;1;;1;0
142140;1;1020450;2;22.0105 (12409);1                                       ;NEGrIV                                  ;0;NEPS 200-150-400;1;0
142140;1;1020450;2;22.0105 (12409);1                                       ;NEGrIV                                  ;0;NEPS 200-150-400;1;0
142139;1;1260060;2;22.0104 (12427);1                                       ;NEGrI                                   ;0;NEPO 50-32-160;1;0
142139;2;1260060;2;22.0104 (12427);2                                       ;PPA0INE01PAA000                         ;0;22.0104;1;0
142139;1;1260060;2;22.0104 (12427);1                                       ;NEGrI                                   ;0;NEPO 50-32-160;1;0
142139;2;1260060;2;22.0104 (12427);2                                       ;PPA0INE01PAA000                         ;0;22.0104;1;0
142138;1;1250460;2;22.0103 (10963);1                                       ;NEGrII                                  ;0;NEPO 125-80-200;1;0
142138;1;1250460;2;22.0103 (10963);1                                       ;NEGrII                                  ;0;NEPO 125-80-200;1;0
142137;1;2080180;2;22.0102 (12429);1                                       ;VFGrI                                   ;0;VKPF 32-200 S;1;0
142137;2;2080180;2;22.0102 (12429);2                                       ;PHA3BVF01UAA000                         ;0;22.0102;1;0
142137;3;2080180;1;22.0102 (12429);3                                       ;800EK2201020010                         ;1;;1;0
142137;1;2080180;2;22.0102 (12429);1                                       ;VFGrI                                   ;0;VKPF 32-200 S;1;0
142137;2;2080180;2;22.0102 (12429);2                                       ;PHA3BVF01UAA000                         ;0;22.0102;1;0
142137;3;2080180;1;22.0102 (12429);3                                       ;800EK2201020010                         ;1;;1;0
142136;1;1080470;2;22.0101 (12469);1                                       ;NEGrII                                  ;0;NEPO 100-65-250;1;0
142136;2;1080470;2;22.0101 (12469);2                                       ;PPA0INE02PAA000                         ;0;22.0101;1;0
142136;1;1080470;2;22.0101 (12469);1                                       ;NEGrII                                  ;0;NEPO 100-65-250;1;0
142136;2;1080470;2;22.0101 (12469);2                                       ;PPA0INE02PAA000                         ;0;22.0101;1;0
142135;1;1470010;2;22.0100 (12483);1                                       ;NEGrI                                   ;0;NEPO 50-32-160;1;0
142135;2;1470010;2;22.0100 (12483);2                                       ;PPA0INE01PAA000                         ;0;22.0100;1;0
142135;1;1470010;2;22.0100 (12483);1                                       ;NEGrI                                   ;0;NEPO 50-32-160;1;0
142135;2;1470010;2;22.0100 (12483);2                                       ;PPA0INE01PAA000                         ;0;22.0100;1;0
142134;1;2110050;2;22.0099 (12482);1                                       ;NEGrI                                   ;0;NEPO 50-32-200;1;0
142134;2;2110050;1;22.0099 (12482);2                                       ;800EK2200990010                         ;1;;1;0
142134;3;2110050;1;22.0099 (12482);3                                       ;554GA0130SAA000                         ;1;A13;4;0
142134;4;2110050;1;22.0099 (12482);4                                       ;554GA0130SAA000                         ;1;A13;2;0
142134;5;2110050;1;22.0099 (12482);5                                       ;554CA0105SAA000                         ;1;A10,5;4;0
142134;6;2110050;1;22.0099 (12482);6                                       ;554IA0170SAA000                         ;1;A17;4;0
142134;7;2110050;2;22.0099 (12482);7                                       ;810A30440STA119                         ;1;Motor 90L; 100L; 112M;1;0
142134;8;2110050;1;22.0099 (12482);8                                       ;890L30031GGB019                         ;1;Größe 3;1;0
142134;9;2110050;1;22.0099 (12482);9                                       ;901FB0012SAA030                         ;1;M12x30;4;0
142134;10;2110050;1;22.0099 (12482);10                                      ;901IB0012SAA025                         ;1;M12x25;2;0
142134;11;2110050;1;22.0099 (12482);11                                      ;901GB0010SAA030                         ;1;M10x30;4;0
142134;12;2110050;1;22.0099 (12482);12                                      ;909GA0016SAA100                         ;1;M16x100;4;0
142134;13;2110050;1;22.0099 (12482);13                                      ;920AA0016SAA000                         ;1;M16;4;0
142134;14;2110050;1;22.0099 (12482);14                                      ;920AA0016SAA000                         ;1;M16;4;0
142134;15;2110050;1;22.0099 (12482);15                                      ;920KB0016SAA000                         ;1;M16;4;0
142134;16;2110050;2;22.0099 (12482);16                                      ;840DH2824GGB005                         ;1;z.B.Rathi;1;0
142134;17;2110050;1;22.0099 (12482);16.1                                    ;860KH0182GGB128                         ;1;z.B.Rathi;1;84,15
142134;18;2110050;1;22.0099 (12482);16.2                                    ;860CH0304GGB124                         ;1;z.B.Rathi;1;102,78
142134;19;2110050;1;22.0099 (12482);16.3                                    ;860HH0505GGB000                         ;1;z.B.Rathi;1;200,35
142134;20;2110050;1;22.0099 (12482);16.4                                    ;860GH0404GGB000                         ;1;z.B.Rathi;1;81,93
142134;21;2110050;2;22.0099 (12482);17                                      ;681I30141STA519                         ;1;NE-Größe 1;2;0
142134;22;2110050;1;22.0099 (12482);17.1                                    ;681B30141STA019                         ;1;NE-Größe 1;2;84,15
142134;23;2110050;1;22.0099 (12482);17.2                                    ;901HB0008SAB016                         ;1;M8x16;4;0,85
142134;24;2110050;1;22.0099 (12482);17.3                                    ;554DG0084SAB000                         ;1;Ø8,4;4;0,32
142134;25;2110050;1;22.0099 (12482);17.4                                    ;554AL0082PAM016                         ;1;;4;0,17
142134;1;2110050;2;22.0099 (12482);1                                       ;NEGrI                                   ;0;NEPO 50-32-200;1;0
142134;2;2110050;1;22.0099 (12482);2                                       ;800EK2200990010                         ;1;;1;0
142134;3;2110050;1;22.0099 (12482);3                                       ;554GA0130SAA000                         ;1;A13;4;0
142134;4;2110050;1;22.0099 (12482);4                                       ;554GA0130SAA000                         ;1;A13;2;0
142134;5;2110050;1;22.0099 (12482);5                                       ;554CA0105SAA000                         ;1;A10,5;4;0
142134;6;2110050;1;22.0099 (12482);6                                       ;554IA0170SAA000                         ;1;A17;4;0
142134;7;2110050;2;22.0099 (12482);7                                       ;810A30440STA119                         ;1;Motor 90L; 100L; 112M;1;0
142134;8;2110050;1;22.0099 (12482);8                                       ;890L30031GGB019                         ;1;Größe 3;1;0
142134;9;2110050;1;22.0099 (12482);9                                       ;901FB0012SAA030                         ;1;M12x30;4;0
142134;10;2110050;1;22.0099 (12482);10                                      ;901IB0012SAA025                         ;1;M12x25;2;0
142134;11;2110050;1;22.0099 (12482);11                                      ;901GB0010SAA030                         ;1;M10x30;4;0
142134;12;2110050;1;22.0099 (12482);12                                      ;909GA0016SAA100                         ;1;M16x100;4;0
142134;13;2110050;1;22.0099 (12482);13                                      ;920AA0016SAA000                         ;1;M16;4;0
142134;14;2110050;1;22.0099 (12482);14                                      ;920AA0016SAA000                         ;1;M16;4;0
142134;15;2110050;1;22.0099 (12482);15                                      ;920KB0016SAA000                         ;1;M16;4;0
142134;16;2110050;2;22.0099 (12482);16                                      ;840DH2824GGB005                         ;1;z.B.Rathi;1;0
142134;17;2110050;1;22.0099 (12482);16.1                                    ;860KH0182GGB128                         ;1;z.B.Rathi;1;84,15
142134;18;2110050;1;22.0099 (12482);16.2                                    ;860CH0304GGB124                         ;1;z.B.Rathi;1;102,78
142134;19;2110050;1;22.0099 (12482);16.3                                    ;860HH0505GGB000                         ;1;z.B.Rathi;1;200,35
142134;20;2110050;1;22.0099 (12482);16.4                                    ;860GH0404GGB000                         ;1;z.B.Rathi;1;81,93
142134;21;2110050;2;22.0099 (12482);17                                      ;681I30141STA519                         ;1;NE-Größe 1;2;0
142134;22;2110050;1;22.0099 (12482);17.1                                    ;681B30141STA019                         ;1;NE-Größe 1;2;84,15
142134;23;2110050;1;22.0099 (12482);17.2                                    ;901HB0008SAB016                         ;1;M8x16;4;0,85
142134;24;2110050;1;22.0099 (12482);17.3                                    ;554DG0084SAB000                         ;1;Ø8,4;4;0,32
142134;25;2110050;1;22.0099 (12482);17.4                                    ;554AL0082PAM016                         ;1;;4;0,17
142133;1;1440270;2;22.0098 (12479);1                                       ;NEGrI                                   ;0;NEPO 50-32-200;1;0
142133;2;1440270;2;22.0098 (12479);2                                       ;NEGrI                                   ;0;NEPO 50-32-200;1;0
142133;3;1440270;2;22.0098 (12479);3                                       ;NEGrI                                   ;0;NEPO 50-32-200;1;0
142133;1;1440270;2;22.0098 (12479);1                                       ;NEGrI                                   ;0;NEPO 50-32-200;1;0
142133;2;1440270;2;22.0098 (12479);2                                       ;NEGrI                                   ;0;NEPO 50-32-200;1;0
142133;3;1440270;2;22.0098 (12479);3                                       ;NEGrI                                   ;0;NEPO 50-32-200;1;0
142132;1;213029001;2;22.0097 (12478);1                                       ;NEGrII                                  ;0;NEPO 100-65-250;1;0
142132;1;213029001;2;22.0097 (12478);1                                       ;NEGrII                                  ;0;NEPO 100-65-250;1;0
142131;1;1330320;2;22.0096 (12474);1                                       ;NEGrI                                   ;0;NEPO 80-50-200;1;0
142131;1;1330320;2;22.0096 (12474);1                                       ;NEGrI                                   ;0;NEPO 80-50-200;1;0
142130;1;1480200;2;22.0095 (12473);1                                       ;NEGrI                                   ;0;NEPO 50-32-200;1;0
142130;1;1480200;2;22.0095 (12473);1                                       ;NEGrI                                   ;0;NEPO 50-32-200;1;0
142129;1;220026001;2;22.0094 (11982);1                                       ;NEGrII                                  ;0;NEPO 125-80-200;1;0
142129;2;220026001;1;22.0094 (11982);2                                       ;800EK2200940010                         ;1;;1;0
142129;1;220026001;2;22.0094 (11982);1                                       ;NEGrII                                  ;0;NEPO 125-80-200;1;0
142129;2;220026001;1;22.0094 (11982);2                                       ;800EK2200940010                         ;1;;1;0
142128;1;1290620;2;22.0093 (12297);1                                       ;FKGrI                                   ;0;FKPO 50-32-160;1;0
142128;2;1290620;2;22.0093 (12297);2                                       ;PPA0IFK01UAA000                         ;0;22.0093;1;0
142128;3;1290620;1;22.0093 (12297);3                                       ;800EK2200930010                         ;1;;1;0
142128;1;1290620;2;22.0093 (12297);1                                       ;FKGrI                                   ;0;FKPO 50-32-160;1;0
142128;2;1290620;2;22.0093 (12297);2                                       ;PPA0IFK01UAA000                         ;0;22.0093;1;0
142128;3;1290620;1;22.0093 (12297);3                                       ;800EK2200930010                         ;1;;1;0
142127;1;1020450;2;22.0092 (12468);1                                       ;NEGrIII                                 ;0;NEPO 125-100-315;1;0
142127;1;1020450;2;22.0092 (12468);1                                       ;NEGrIII                                 ;0;NEPO 125-100-315;1;0
142126;1;1020450;2;22.0091 (12467);1                                       ;NEGrIV                                  ;0;NEPS 200-150-400;1;0
142126;2;1020450;2;22.0091 (12467);2                                       ;PPA0INE04PAA000                         ;0;22.0091;1;0
142126;1;1020450;2;22.0091 (12467);1                                       ;NEGrIV                                  ;0;NEPS 200-150-400;1;0
142126;2;1020450;2;22.0091 (12467);2                                       ;PPA0INE04PAA000                         ;0;22.0091;1;0
142125;1;1230020;2;22.0090 (12376);1                                       ;NEGrIII                                 ;0;NEPD 150-125-315;1;0
142125;2;1230020;2;22.0090 (12376);2                                       ;PPA0INE03UAA000                         ;0;22.0090;1;0
142125;3;1230020;1;22.0090 (12376);3                                       ;800EK2200900010                         ;1;;1;0
142125;1;1230020;2;22.0090 (12376);1                                       ;NEGrIII                                 ;0;NEPD 150-125-315;1;0
142125;2;1230020;2;22.0090 (12376);2                                       ;PPA0INE03UAA000                         ;0;22.0090;1;0
142125;3;1230020;1;22.0090 (12376);3                                       ;800EK2200900010                         ;1;;1;0
142124;1;2100010;2;22.0089 (12444);1                                       ;NKGrII                                  ;0;NKPF 80-200;1;0
142124;2;2100010;2;22.0089 (12444);2                                       ;PPA0INF02PAA000                         ;0;22.0089;1;0
142124;1;2100010;2;22.0089 (12444);1                                       ;NKGrII                                  ;0;NKPF 80-200;1;0
142124;2;2100010;2;22.0089 (12444);2                                       ;PPA0INF02PAA000                         ;0;22.0089;1;0
142123;1;1350390;2;22.0088 (12408);1                                       ;NEGrII                                  ;0;NEPO 80-50-250;1;0
142123;2;1350390;1;22.0088 (12408);2                                       ;800EK2200880010                         ;1;;1;0
142123;1;1350390;2;22.0088 (12408);1                                       ;NEGrII                                  ;0;NEPO 80-50-250;1;0
142123;2;1350390;1;22.0088 (12408);2                                       ;800EK2200880010                         ;1;;1;0
142122;1;2080120;2;22.0087 (11902);1                                       ;NEGrI                                   ;0;NETO 50-32-160;1;0
142122;2;2080120;1;22.0087 (11902);2                                       ;800EK2200870010                         ;1;;1;0
142122;3;2080120;1;22.0087 (11902);3                                       ;412GC2800EXF400                         ;1;Ø228,00 x Ø4,00;1;0
142122;4;2080120;1;22.0087 (11902);4                                       ;412FA2189EXF262                         ;1;Ø 21,89 x Ø2,62;1;0
142122;5;2080120;1;22.0087 (11902);5                                       ;412GA3609EXF353                         ;1;Ø 36,09 x Ø3,53;1;0
142122;6;2080120;1;22.0087 (11902);6                                       ;412HA8849EXF353                         ;1;Ø 88,49 x Ø3,53;1;0
142122;7;2080120;1;22.0087 (11902);7                                       ;412KA4722EXF353                         ;1;Ø 47,22 x Ø3,53;1;0
142122;8;2080120;1;22.0087 (11902);8                                       ;472L30456ISA019                         ;1;Größe 1;1;0
142122;9;2080120;1;22.0087 (11902);9                                       ;474B27354TKF019                         ;1;Größe 1;1;0
142122;10;2080120;1;22.0087 (11902);10                                      ;475D30139ISA019                         ;1;Größe 1;1;0
142122;11;2080120;4;22.0087 (11902);11                                      ;477A24305BHF009                         ;1;Größe 1;1;0
142122;12;2080120;1;22.0087 (11902);12                                      ;481A30491TVL019                         ;1;Ø108/38x62,5 - Gr.1;1;0
142122;13;2080120;1;22.0087 (11902);13                                      ;552EA0150SKF000                         ;1;Ø56/28,5x2;1;0
142122;1;2080120;2;22.0087 (11902);1                                       ;NEGrI                                   ;0;NETO 50-32-160;1;0
142122;2;2080120;1;22.0087 (11902);2                                       ;800EK2200870010                         ;1;;1;0
142122;3;2080120;1;22.0087 (11902);3                                       ;412GC2800EXF400                         ;1;Ø228,00 x Ø4,00;1;0
142122;4;2080120;1;22.0087 (11902);4                                       ;412FA2189EXF262                         ;1;Ø 21,89 x Ø2,62;1;0
142122;5;2080120;1;22.0087 (11902);5                                       ;412GA3609EXF353                         ;1;Ø 36,09 x Ø3,53;1;0
142122;6;2080120;1;22.0087 (11902);6                                       ;412HA8849EXF353                         ;1;Ø 88,49 x Ø3,53;1;0
142122;7;2080120;1;22.0087 (11902);7                                       ;412KA4722EXF353                         ;1;Ø 47,22 x Ø3,53;1;0
142122;8;2080120;1;22.0087 (11902);8                                       ;472L30456ISA019                         ;1;Größe 1;1;0
142122;9;2080120;1;22.0087 (11902);9                                       ;474B27354TKF019                         ;1;Größe 1;1;0
142122;10;2080120;1;22.0087 (11902);10                                      ;475D30139ISA019                         ;1;Größe 1;1;0
142122;11;2080120;4;22.0087 (11902);11                                      ;477A24305BHF009                         ;1;Größe 1;1;0
142122;12;2080120;1;22.0087 (11902);12                                      ;481A30491TVL019                         ;1;Ø108/38x62,5 - Gr.1;1;0
142122;13;2080120;1;22.0087 (11902);13                                      ;552EA0150SKF000                         ;1;Ø56/28,5x2;1;0
142121;1;2110280;2;22.0086 (12459);1                                       ;FKGr0                                   ;0;FKPO 40-25-160;1;0
142121;1;2110280;2;22.0086 (12459);1                                       ;FKGr0                                   ;0;FKPO 40-25-160;1;0
142120;1;1080820;2;22.0085 (12453);1                                       ;NEGrI                                   ;0;NEPO 80-50-200;1;0
142120;1;1080820;2;22.0085 (12453);1                                       ;NEGrI                                   ;0;NEPO 80-50-200;1;0
142119;1;1440270;2;22.0084 (12006);1                                       ;NEGrII                                  ;0;NEKG 50-32-250;1;0
142119;1;1440270;2;22.0084 (12006);1                                       ;NEGrII                                  ;0;NEKG 50-32-250;1;0
143112;1;2110280;2;22.0236 (12683);1                                       ;NEGrI                                   ;0;NEPO 50-32-160;1;0
143112;1;2110280;2;22.0236 (12683);1                                       ;NEGrI                                   ;0;NEPO 50-32-160;1;0
143111;1;1180020;2;22.0235 (12503);1                                       ;VFGrI                                   ;0;VKPF 32-200 S;1;0
143111;2;1180020;1;22.0235 (12503);2                                       ;800EK2202350010                         ;1;;1;0
143111;1;1180020;2;22.0235 (12503);1                                       ;VFGrI                                   ;0;VKPF 32-200 S;1;0
143111;2;1180020;1;22.0235 (12503);2                                       ;800EK2202350010                         ;1;;1;0
143110;1;2110280;2;22.0234 (12659);1                                       ;NEGrIII                                 ;0;NEPO 200-150-250;2;0
143110;2;2110280;1;22.0234 (12659);2                                       ;800EK2202340020                         ;1;;2;0
143110;1;2110280;2;22.0234 (12659);1                                       ;NEGrIII                                 ;0;NEPO 200-150-250;2;0
143110;2;2110280;1;22.0234 (12659);2                                       ;800EK2202340020                         ;1;;2;0
143109;1;2160250;2;22.0233 (12624);1                                       ;NEGrI                                   ;0;NEPO 50-32-200;1;0
143109;2;2160250;2;22.0233 (12624);2                                       ;PHA3BNE01PAA000                         ;0;22.0233;1;0
143109;1;2160250;2;22.0233 (12624);1                                       ;NEGrI                                   ;0;NEPO 50-32-200;1;0
143109;2;2160250;2;22.0233 (12624);2                                       ;PHA3BNE01PAA000                         ;0;22.0233;1;0
143108;1;209048001;2;22.0232 (12691);1                                       ;NEGrIV                                  ;0;NEPG 200-150-400;1;0
143108;2;209048001;2;22.0232 (12691);2                                       ;PPA0INE04PAA000                         ;0;22.0232;1;0
143108;1;209048001;2;22.0232 (12691);1                                       ;NEGrIV                                  ;0;NEPG 200-150-400;1;0
143108;2;209048001;2;22.0232 (12691);2                                       ;PPA0INE04PAA000                         ;0;22.0232;1;0
143107;1;1020450;2;22.0231 (12695);1                                       ;FKGr0                                   ;0;FKPO 40-25-160;1;0
143107;1;1020450;2;22.0231 (12695);1                                       ;FKGr0                                   ;0;FKPO 40-25-160;1;0
143106;1;2010500;2;22.0230 (11386);1                                       ;NEGrI                                   ;0;NEPO 50-32-200;1;0
143106;2;2010500;2;22.0230 (11386);2                                       ;NEGrII                                  ;0;NEPO 100-65-250;1;0
143106;3;2010500;2;22.0230 (11386);3                                       ;NEGrII                                  ;0;NEPO 100-65-250;1;0
143106;4;2010500;2;22.0230 (11386);4                                       ;PPA0INE02PAA000                         ;0;22.0230/2;1;0
143106;1;2010500;2;22.0230 (11386);1                                       ;NEGrI                                   ;0;NEPO 50-32-200;1;0
143106;2;2010500;2;22.0230 (11386);2                                       ;NEGrII                                  ;0;NEPO 100-65-250;1;0
143106;3;2010500;2;22.0230 (11386);3                                       ;NEGrII                                  ;0;NEPO 100-65-250;1;0
143106;4;2010500;2;22.0230 (11386);4                                       ;PPA0INE02PAA000                         ;0;22.0230/2;1;0
143105;1;1080210;2;22.0229 (11314);1                                       ;FMGr0                                   ;0;FMPO 40-25-160;2;0
143105;2;1080210;2;22.0229 (11314);2                                       ;PPA0IFM00UAA000                         ;0;22.0229/1+2;2;0
143105;3;1080210;1;22.0229 (11314);3                                       ;800EK2202290020                         ;1;;2;0
143105;1;1080210;2;22.0229 (11314);1                                       ;FMGr0                                   ;0;FMPO 40-25-160;2;0
143105;2;1080210;2;22.0229 (11314);2                                       ;PPA0IFM00UAA000                         ;0;22.0229/1+2;2;0
143105;3;1080210;1;22.0229 (11314);3                                       ;800EK2202290020                         ;1;;2;0
143104;1;1040300;2;22.0228 (12606);1                                       ;NEGrII                                  ;0;NEPO 65-40-250;1;0
143104;2;1040300;2;22.0228 (12606);2                                       ;NEGrI                                   ;0;NEPO 50-32-200;2;0
143104;3;1040300;2;22.0228 (12606);3                                       ;NEGrII                                  ;0;NEPO 80-50-315;1;0
143104;4;1040300;2;22.0228 (12606);4                                       ;NEGrII                                  ;0;NEPO 65-40-250;1;0
143104;5;1040300;2;22.0228 (12606);5                                       ;NEGrII                                  ;0;NEPO 125-80-250;1;0
143104;6;1040300;2;22.0228 (12606);6                                       ;NEGrII                                  ;0;NEPO 125-80-250;1;0
143104;7;1040300;2;22.0228 (12606);7                                       ;NEGrII                                  ;0;NEPO 125-80-250;1;0
143104;8;1040300;2;22.0228 (12606);8                                       ;NEGrII                                  ;0;NEPO 65-40-250;1;0
143104;9;1040300;2;22.0228 (12606);9                                       ;NEGrII                                  ;0;NEPO 65-40-250;1;0
143104;10;1040300;2;22.0228 (12606);10                                      ;NEGrII                                  ;0;NEPO 80-50-315;1;0
143104;11;1040300;2;22.0228 (12606);11                                      ;NEGrII                                  ;0;NEPO 65-40-250;1;0
143104;12;1040300;2;22.0228 (12606);12                                      ;NEGrII                                  ;0;NEPO 125-80-200;1;0
143104;13;1040300;2;22.0228 (12606);13                                      ;NEGrII                                  ;0;NEPO 80-50-315;1;0
143104;14;1040300;2;22.0228 (12606);14                                      ;NEGrII                                  ;0;NEPO 125-80-200;1;0
143104;1;1040300;2;22.0228 (12606);1                                       ;NEGrII                                  ;0;NEPO 65-40-250;1;0
143104;2;1040300;2;22.0228 (12606);2                                       ;NEGrI                                   ;0;NEPO 50-32-200;2;0
143104;3;1040300;2;22.0228 (12606);3                                       ;NEGrII                                  ;0;NEPO 80-50-315;1;0
143104;4;1040300;2;22.0228 (12606);4                                       ;NEGrII                                  ;0;NEPO 65-40-250;1;0
143104;5;1040300;2;22.0228 (12606);5                                       ;NEGrII                                  ;0;NEPO 125-80-250;1;0
143104;6;1040300;2;22.0228 (12606);6                                       ;NEGrII                                  ;0;NEPO 125-80-250;1;0
143104;7;1040300;2;22.0228 (12606);7                                       ;NEGrII                                  ;0;NEPO 125-80-250;1;0
143104;8;1040300;2;22.0228 (12606);8                                       ;NEGrII                                  ;0;NEPO 65-40-250;1;0
143104;9;1040300;2;22.0228 (12606);9                                       ;NEGrII                                  ;0;NEPO 65-40-250;1;0
143104;10;1040300;2;22.0228 (12606);10                                      ;NEGrII                                  ;0;NEPO 80-50-315;1;0
143104;11;1040300;2;22.0228 (12606);11                                      ;NEGrII                                  ;0;NEPO 65-40-250;1;0
143104;12;1040300;2;22.0228 (12606);12                                      ;NEGrII                                  ;0;NEPO 125-80-200;1;0
143104;13;1040300;2;22.0228 (12606);13                                      ;NEGrII                                  ;0;NEPO 80-50-315;1;0
143104;14;1040300;2;22.0228 (12606);14                                      ;NEGrII                                  ;0;NEPO 125-80-200;1;0
143103;1;2080120;2;22.0227 (12398);1                                       ;NEGrI                                   ;0;NEPO 50-32-160;1;0
143103;1;2080120;2;22.0227 (12398);1                                       ;NEGrI                                   ;0;NEPO 50-32-160;1;0
143102;1;126006001;2;22.0226 (12665);1                                       ;NEGrII                                  ;0;NEPO 65-40-250;1;0
143102;2;126006001;2;22.0226 (12665);2                                       ;PPA0INE02PAA000                         ;0;22.0226;1;0
143102;1;126006001;2;22.0226 (12665);1                                       ;NEGrII                                  ;0;NEPO 65-40-250;1;0
143102;2;126006001;2;22.0226 (12665);2                                       ;PPA0INE02PAA000                         ;0;22.0226;1;0
143101;1;2010390;2;22.0225 (07023);1                                       ;NEGrIV                                  ;0;NEPS 250-200-400;1;0
143101;2;2010390;2;22.0225 (07023);2                                       ;PPA0INE04PAA000                         ;0;22.0225;1;0
143101;1;2010390;2;22.0225 (07023);1                                       ;NEGrIV                                  ;0;NEPS 250-200-400;1;0
143101;2;2010390;2;22.0225 (07023);2                                       ;PPA0INE04PAA000                         ;0;22.0225;1;0
143100;1;1440410;2;22.0224 (12674);1                                       ;NEGrII                                  ;0;NEPO 80-50-315;1;0
143100;1;1440410;2;22.0224 (12674);1                                       ;NEGrII                                  ;0;NEPO 80-50-315;1;0
143099;1;122011001;2;22.0223 (12477);1                                       ;NEGrIII                                 ;0;NEPO 125-80-315;1;0
143099;2;122011001;2;22.0223 (12477);2                                       ;PHA3BNE03PAA000                         ;0;22.0223;1;0
143099;1;122011001;2;22.0223 (12477);1                                       ;NEGrIII                                 ;0;NEPO 125-80-315;1;0
143099;2;122011001;2;22.0223 (12477);2                                       ;PHA3BNE03PAA000                         ;0;22.0223;1;0
143098;1;1500150;2;22.0222 (12641);1                                       ;NEGrI                                   ;0;NEPO 65-40-200;1;0
143098;2;1500150;1;22.0222 (12641);2                                       ;800EK2202220010                         ;1;;1;0
143098;1;1500150;2;22.0222 (12641);1                                       ;NEGrI                                   ;0;NEPO 65-40-200;1;0
143098;2;1500150;1;22.0222 (12641);2                                       ;800EK2202220010                         ;1;;1;0
143097;1;1020250;2;22.0221 (12679);1                                       ;NEGrIII                                 ;0;NEPO 125-80-315;1;0
143097;1;1020250;2;22.0221 (12679);1                                       ;NEGrIII                                 ;0;NEPO 125-80-315;1;0
143096;1;2100010;2;22.0220 (12684);1                                       ;NEGrI                                   ;0;NEPO 50-32-200 D;1;0
143096;1;2100010;2;22.0220 (12684);1                                       ;NEGrI                                   ;0;NEPO 50-32-200 D;1;0
143095;1;2100130;2;22.0219 (12636);1                                       ;NEGrII                                  ;0;NEPO 80-50-250;1;0
143095;2;2100130;2;22.0219 (12636);2                                       ;PPA0INE02PAA000                         ;0;22.0219;1;0
143095;1;2100130;2;22.0219 (12636);1                                       ;NEGrII                                  ;0;NEPO 80-50-250;1;0
143095;2;2100130;2;22.0219 (12636);2                                       ;PPA0INE02PAA000                         ;0;22.0219;1;0
143094;1;133021001;2;22.0218 (12670);1                                       ;FKGr0                                   ;0;FKPO 40-25-160;1;0
143094;1;133021001;2;22.0218 (12670);1                                       ;FKGr0                                   ;0;FKPO 40-25-160;1;0
143093;1;210028001;2;22.0217 (12519);1                                       ;NEGrI                                   ;0;NEPO 50-32-200 D;2;0
143093;1;210028001;2;22.0217 (12519);1                                       ;NEGrI                                   ;0;NEPO 50-32-200 D;2;0
143092;1;2110280;2;22.0216 (12439);1                                       ;NEGrII                                  ;0;NEPO 80-50-250;2;0
143092;1;2110280;2;22.0216 (12439);1                                       ;NEGrII                                  ;0;NEPO 80-50-250;2;0
143091;1;2100010;2;22.0215 (12677);1                                       ;NEGrII                                  ;0;NEWO 100-65-260;1;0
143091;2;2100010;2;22.0215 (12677);2                                       ;PPA0INE02PAA000                         ;0;22.0215;1;0
143091;1;2100010;2;22.0215 (12677);1                                       ;NEGrII                                  ;0;NEWO 100-65-260;1;0
143091;2;2100010;2;22.0215 (12677);2                                       ;PPA0INE02PAA000                         ;0;22.0215;1;0
143090;1;1121130;2;22.0214 (12611);1                                       ;NEGrI                                   ;0;NEPO 80-50-200;1;0
143090;2;1121130;1;22.0214 (12611);2                                       ;800EK2202140010                         ;1;;1;0
143090;1;1121130;2;22.0214 (12611);1                                       ;NEGrI                                   ;0;NEPO 80-50-200;1;0
143090;2;1121130;1;22.0214 (12611);2                                       ;800EK2202140010                         ;1;;1;0
143089;1;204018001;2;22.0213 (12653);1                                       ;NEGrI                                   ;0;NETO 80-50-200;1;0
143089;2;204018001;2;22.0213 (12653);2                                       ;PPA0INE01PAA000                         ;0;22.0213;1;0
143089;1;204018001;2;22.0213 (12653);1                                       ;NEGrI                                   ;0;NETO 80-50-200;1;0
143089;2;204018001;2;22.0213 (12653);2                                       ;PPA0INE01PAA000                         ;0;22.0213;1;0
143087;1;102052001;2;22.0211 (12642);1                                       ;FKGr0                                   ;0;FKPO 40-25-160;1;0
143087;1;102052001;2;22.0211 (12642);1                                       ;FKGr0                                   ;0;FKPO 40-25-160;1;0
143086;1;212034001;2;22.0210 (12612);1                                       ;VFGrII                                  ;0;VKPF 32-250 S;1;0
143086;1;212034001;2;22.0210 (12612);1                                       ;VFGrII                                  ;0;VKPF 32-250 S;1;0
142665;1;1120230;2;22.0207 (12615);1                                       ;NEGrI                                   ;0;NEPO 50-32-200;1;0
142665;1;1120230;2;22.0207 (12615);1                                       ;NEGrI                                   ;0;NEPO 50-32-200;1;0
142664;1;1460550;2;22.0206 (12604);1                                       ;NEGrII                                  ;0;NEPO 65-40-250;1;0
142664;1;1460550;2;22.0206 (12604);1                                       ;NEGrII                                  ;0;NEPO 65-40-250;1;0
142663;1;1470010;2;22.0205 (12651);1                                       ;NEGr0                                   ;0;NEPO 40-25-160;1;0
142663;2;1470010;2;22.0205 (12651);2                                       ;PPA0INE00PAA000                         ;0;22.0205;1;0
142663;1;1470010;2;22.0205 (12651);1                                       ;NEGr0                                   ;0;NEPO 40-25-160;1;0
142663;2;1470010;2;22.0205 (12651);2                                       ;PPA0INE00PAA000                         ;0;22.0205;1;0
142662;1;2100010;2;22.0204 (12650);1                                       ;NEGrI                                   ;0;NEKO 80-50-200;1;0
142662;2;2100010;2;22.0204 (12650);2                                       ;PPA0INE01PAA000                         ;0;22.0204;1;0
142662;1;2100010;2;22.0204 (12650);1                                       ;NEGrI                                   ;0;NEKO 80-50-200;1;0
142662;2;2100010;2;22.0204 (12650);2                                       ;PPA0INE01PAA000                         ;0;22.0204;1;0
142661;1;2080140;2;22.0203 (11975);1                                       ;VFGrII                                  ;0;VKPF 80-250 S;1;0
142661;2;2080140;1;22.0203 (11975);2                                       ;800EK2202030010                         ;1;;1;0
142661;1;2080140;2;22.0203 (11975);1                                       ;VFGrII                                  ;0;VKPF 80-250 S;1;0
142661;2;2080140;1;22.0203 (11975);2                                       ;800EK2202030010                         ;1;;1;0
142660;1;2170700;2;22.0202 (12399);1                                       ;NEGrI                                   ;0;NEPO 50-32-200;2;0
142660;1;2170700;2;22.0202 (12399);1                                       ;NEGrI                                   ;0;NEPO 50-32-200;2;0
142659;1;2110280;2;22.0201 (12591);1                                       ;NEGrI                                   ;0;NEPO 50-32-160;1;0
142659;1;2110280;2;22.0201 (12591);1                                       ;NEGrI                                   ;0;NEPO 50-32-160;1;0
142658;1;1460080;2;22.0200 (12536);1                                       ;NMGrI                                   ;0;NMTO 50-32-160;1;0
142658;2;1460080;2;22.0200 (12536);2                                       ;PPA0INM01UAA000                         ;0;22.0200;1;0
142658;3;1460080;1;22.0200 (12536);3                                       ;800EK2202000010                         ;1;;1;0
142658;1;1460080;2;22.0200 (12536);1                                       ;NMGrI                                   ;0;NMTO 50-32-160;1;0
142658;2;1460080;2;22.0200 (12536);2                                       ;PPA0INM01UAA000                         ;0;22.0200;1;0
142658;3;1460080;1;22.0200 (12536);3                                       ;800EK2202000010                         ;1;;1;0
142657;1;1420370;2;22.0199 (12628);1                                       ;NEGr0                                   ;0;NEPO 40-25-160;1;0
142657;1;1420370;2;22.0199 (12628);1                                       ;NEGr0                                   ;0;NEPO 40-25-160;1;0
142656;1;1280210;2;22.0198 (12343);1                                       ;NEGrI                                   ;0;NEPO 65-40-200;1;0
142656;2;1280210;1;22.0198 (12343);2                                       ;800EK2201980010                         ;1;;1;0
142656;1;1280210;2;22.0198 (12343);1                                       ;NEGrI                                   ;0;NEPO 65-40-200;1;0
142656;2;1280210;1;22.0198 (12343);2                                       ;800EK2201980010                         ;1;;1;0
142655;1;2110050;2;22.0197 (12634);1                                       ;NEGrII                                  ;0;NEPO 50-32-250;1;0
142655;2;2110050;1;22.0197 (12634);2                                       ;800EK2201970010                         ;1;;1;0
142655;1;2110050;2;22.0197 (12634);1                                       ;NEGrII                                  ;0;NEPO 50-32-250;1;0
142655;2;2110050;1;22.0197 (12634);2                                       ;800EK2201970010                         ;1;;1;0
142654;1;2130240;2;22.0196 (12613);1                                       ;NEGrI                                   ;0;NEPO 80-50-200;1;0
142654;1;2130240;2;22.0196 (12613);1                                       ;NEGrI                                   ;0;NEPO 80-50-200;1;0
142653;1;1190240;2;22.0195 (12176);1                                       ;VFGrII                                  ;0;VKPF 50-250 S;1;0
142653;2;1190240;2;22.0195 (12176);2                                       ;SP250-300                               ;0;SP 250/300 K;1;0
142653;3;1190240;2;22.0195 (12176);3                                       ;NEGrIV                                  ;0;NEPS 150-200-400;1;0
142653;4;1190240;2;22.0195 (12176);4                                       ;PPA0ISP09PAA000                         ;0;22.0195/2;1;0
142653;5;1190240;2;22.0195 (12176);5                                       ;PPA0INE04PAA000                         ;0;22.0195/3;1;0
142653;1;1190240;2;22.0195 (12176);1                                       ;VFGrII                                  ;0;VKPF 50-250 S;1;0
142653;2;1190240;2;22.0195 (12176);2                                       ;SP250-300                               ;0;SP 250/300 K;1;0
142653;3;1190240;2;22.0195 (12176);3                                       ;NEGrIV                                  ;0;NEPS 150-200-400;1;0
142653;4;1190240;2;22.0195 (12176);4                                       ;PPA0ISP09PAA000                         ;0;22.0195/2;1;0
142653;5;1190240;2;22.0195 (12176);5                                       ;PPA0INE04PAA000                         ;0;22.0195/3;1;0
142652;1;1020440;2;22.0194 (12412);1                                       ;FKGr0                                   ;0;FKKO 40-25-160;2;0
142652;2;1020440;2;22.0194 (12412);2                                       ;FKGr0                                   ;0;FKPO 40-25-160;2;0
142652;3;1020440;1;22.0194 (12412);3                                       ;800EK2201940020                         ;1;;2;0
142652;4;1020440;1;22.0194 (12412);4                                       ;800EK2201940040                         ;1;;2;0
142652;1;1020440;2;22.0194 (12412);1                                       ;FKGr0                                   ;0;FKKO 40-25-160;2;0
142652;2;1020440;2;22.0194 (12412);2                                       ;FKGr0                                   ;0;FKPO 40-25-160;2;0
142652;3;1020440;1;22.0194 (12412);3                                       ;800EK2201940020                         ;1;;2;0
142652;4;1020440;1;22.0194 (12412);4                                       ;800EK2201940040                         ;1;;2;0
142651;1;206018001;2;22.0193 (12287);1                                       ;NEGrIII                                 ;0;NEPO 150-125-315;1;0
142651;1;206018001;2;22.0193 (12287);1                                       ;NEGrIII                                 ;0;NEPO 150-125-315;1;0
142650;1;1010510;2;22.0192 (12535);1                                       ;NEGrII                                  ;0;NEPO 80-50-315;1;0
142650;1;1010510;2;22.0192 (12535);1                                       ;NEGrII                                  ;0;NEPO 80-50-315;1;0
142649;1;1440270;2;22.0191 (12446);1                                       ;NEGrI                                   ;0;NEPO 50-32-200;3;0
142649;2;1440270;1;22.0191 (12446);2                                       ;800EK2201910030                         ;1;;3;0
142649;1;1440270;2;22.0191 (12446);1                                       ;NEGrI                                   ;0;NEPO 50-32-200;3;0
142649;2;1440270;1;22.0191 (12446);2                                       ;800EK2201910030                         ;1;;3;0
142648;1;1330280;2;22.0190 (12627);1                                       ;NEGrII                                  ;0;NEKO 80-50-315;1;0
142648;1;1330280;2;22.0190 (12627);1                                       ;NEGrII                                  ;0;NEKO 80-50-315;1;0
142647;1;1130140;2;22.0189 (12518);1                                       ;NEGrI                                   ;0;NEKO 50-32-200;1;0
142647;2;1130140;1;22.0189 (12518);2                                       ;800EK2201890010                         ;1;;1;0
142647;1;1130140;2;22.0189 (12518);1                                       ;NEGrI                                   ;0;NEKO 50-32-200;1;0
142647;2;1130140;1;22.0189 (12518);2                                       ;800EK2201890010                         ;1;;1;0
142646;1;2200050;2;22.0188 (12528);1                                       ;NEGrII                                  ;0;NEPO 125-80-250;1;0
142646;1;2200050;2;22.0188 (12528);1                                       ;NEGrII                                  ;0;NEPO 125-80-250;1;0
142645;1;2110280;2;22.0187 (12620);1                                       ;NEGrI                                   ;0;NEPO 80-50-200;1;0
142645;1;2110280;2;22.0187 (12620);1                                       ;NEGrI                                   ;0;NEPO 80-50-200;1;0
142644;1;1380440;2;22.0186 (12618);1                                       ;NEGrII                                  ;0;NEPO 80-50-315;1;0
142644;1;1380440;2;22.0186 (12618);1                                       ;NEGrII                                  ;0;NEPO 80-50-315;1;0
142643;1;1120160;2;22.0185 (12617);1                                       ;NEGrII                                  ;0;NEPO 125-80-250;1;0
142643;2;1120160;2;22.0185 (12617);2                                       ;PPA0INE02PAA000                         ;0;22.0185;1;0
142643;1;1120160;2;22.0185 (12617);1                                       ;NEGrII                                  ;0;NEPO 125-80-250;1;0
142643;2;1120160;2;22.0185 (12617);2                                       ;PPA0INE02PAA000                         ;0;22.0185;1;0
142642;1;2110280;2;22.0184 (10173);1                                       ;NEGrIV                                  ;0;NEPS 250-200-400;1;0
142642;1;2110280;2;22.0184 (10173);1                                       ;NEGrIV                                  ;0;NEPS 250-200-400;1;0
142641;1;2100010;2;22.0183 (12597);1                                       ;NEGrI                                   ;0;NEPO 50-32-200 D;1;0
142641;1;2100010;2;22.0183 (12597);1                                       ;NEGrI                                   ;0;NEPO 50-32-200 D;1;0
142640;1;1030240;2;22.0182 (12583);1                                       ;NEGrI                                   ;0;NEPG 50-32-200;1;0
142640;1;1030240;2;22.0182 (12583);1                                       ;NEGrI                                   ;0;NEPG 50-32-200;1;0
142639;1;1080470;2;22.0181 (12578);1                                       ;VFGrII                                  ;0;VKPF 50-250;1;0
142639;2;1080470;2;22.0181 (12578);2                                       ;PPA0IVF02UAA000                         ;0;22.0181;1;0
142639;1;1080470;2;22.0181 (12578);1                                       ;VFGrII                                  ;0;VKPF 50-250;1;0
142639;2;1080470;2;22.0181 (12578);2                                       ;PPA0IVF02UAA000                         ;0;22.0181;1;0
142638;1;1460330;2;22.0180 (12602);1                                       ;NEGrIII                                 ;0;NEPO 125-100-315;1;0
142638;2;1460330;1;22.0180 (12602);2                                       ;800EK2201800010                         ;1;;1;0
142638;1;1460330;2;22.0180 (12602);1                                       ;NEGrIII                                 ;0;NEPO 125-100-315;1;0
142638;2;1460330;1;22.0180 (12602);2                                       ;800EK2201800010                         ;1;;1;0
142637;1;2110280;2;22.0179 (12280);1                                       ;VFGrII                                  ;0;VKPF 65-260;1;0
142637;1;2110280;2;22.0179 (12280);1                                       ;VFGrII                                  ;0;VKPF 65-260;1;0
142636;1;1340040;2;22.0178 (10969);1                                       ;NEGr0                                   ;0;NEPO 40-25-160;1;0
142636;2;1340040;1;22.0178 (10969);2                                       ;800EK2201780010                         ;1;;1;0
142636;3;1340040;2;22.0178 (10969);3                                       ;PHA3BNE00UAA000                         ;0;22.0178;1;0
142636;1;1340040;2;22.0178 (10969);1                                       ;NEGr0                                   ;0;NEPO 40-25-160;1;0
142636;2;1340040;1;22.0178 (10969);2                                       ;800EK2201780010                         ;1;;1;0
142636;3;1340040;2;22.0178 (10969);3                                       ;PHA3BNE00UAA000                         ;0;22.0178;1;0
142635;1;1330250;2;22.0177 (12353);1                                       ;NEGrII                                  ;0;NEPO 125-100-200;1;0
142635;2;1330250;2;22.0177 (12353);2                                       ;NEGrIII                                 ;0;NEPO 150-125-315;1;0
142635;1;1330250;2;22.0177 (12353);1                                       ;NEGrII                                  ;0;NEPO 125-100-200;1;0
142635;2;1330250;2;22.0177 (12353);2                                       ;NEGrIII                                 ;0;NEPO 150-125-315;1;0
142634;1;1100560;2;22.0176 (12530);1                                       ;FMGr0                                   ;0;FMBO 40-25-160;1;0
142634;2;1100560;2;22.0176 (12530);2                                       ;FMGr0                                   ;0;FMBO 40-25-160;1;0
142634;3;1100560;1;22.0176 (12530);3                                       ;800EK2201760010                         ;1;;1;0
142634;4;1100560;1;22.0176 (12530);4                                       ;800EK2201760020                         ;1;;1;0
142634;5;1100560;2;22.0176 (12530);5                                       ;PPA0IFM00UAA000                         ;0;22.0176/1;1;0
142634;6;1100560;2;22.0176 (12530);6                                       ;PPA0IFM00UAA000                         ;0;22.0176/2;1;0
142634;1;1100560;2;22.0176 (12530);1                                       ;FMGr0                                   ;0;FMBO 40-25-160;1;0
142634;2;1100560;2;22.0176 (12530);2                                       ;FMGr0                                   ;0;FMBO 40-25-160;1;0
142634;3;1100560;1;22.0176 (12530);3                                       ;800EK2201760010                         ;1;;1;0
142634;4;1100560;1;22.0176 (12530);4                                       ;800EK2201760020                         ;1;;1;0
142634;5;1100560;2;22.0176 (12530);5                                       ;PPA0IFM00UAA000                         ;0;22.0176/1;1;0
142634;6;1100560;2;22.0176 (12530);6                                       ;PPA0IFM00UAA000                         ;0;22.0176/2;1;0
142633;1;2100010;2;22.0175 (12567);1                                       ;NEGrII                                  ;0;NEPO 65-40-250;1;0
142633;1;2100010;2;22.0175 (12567);1                                       ;NEGrII                                  ;0;NEPO 65-40-250;1;0
142632;1;1010300;2;22.0174 (12582);1                                       ;NEGrIII                                 ;0;NEPO 125-100-315;1;0
142632;1;1010300;2;22.0174 (12582);1                                       ;NEGrIII                                 ;0;NEPO 125-100-315;1;0
142631;1;142037001;2;22.0173 (12588);1                                       ;NEGrI                                   ;0;NEPO 50-32-160;1;0
142631;1;142037001;2;22.0173 (12588);1                                       ;NEGrI                                   ;0;NEPO 50-32-160;1;0
142630;1;2110160;2;22.0172 (11493);1                                       ;NEGrIII                                 ;0;NEPD 150-125-315;4;0
142630;2;2110160;2;22.0172 (11493);2                                       ;PPA0INE03PAA000                         ;0;22.0172/1-4;4;0
142630;1;2110160;2;22.0172 (11493);1                                       ;NEGrIII                                 ;0;NEPD 150-125-315;4;0
142630;2;2110160;2;22.0172 (11493);2                                       ;PPA0INE03PAA000                         ;0;22.0172/1-4;4;0
142629;1;2190050;2;22.0171 (12082);1                                       ;NEGrI                                   ;0;NEKO 50-32-160;1;0
142629;1;2190050;2;22.0171 (12082);1                                       ;NEGrI                                   ;0;NEKO 50-32-160;1;0
142628;1;1120100;2;22.0170 (12377);1                                       ;NEGrI                                   ;0;NEPO 80-50-200;1;0
142628;2;1120100;2;22.0170 (12377);2                                       ;NEGrII                                  ;0;NEPO 100-65-250;1;0
142628;1;1120100;2;22.0170 (12377);1                                       ;NEGrI                                   ;0;NEPO 80-50-200;1;0
142628;2;1120100;2;22.0170 (12377);2                                       ;NEGrII                                  ;0;NEPO 100-65-250;1;0
142627;1;1380440;2;22.0169 (12596);1                                       ;NEGrII                                  ;0;NEPO 65-40-250;1;0
142627;1;1380440;2;22.0169 (12596);1                                       ;NEGrII                                  ;0;NEPO 65-40-250;1;0
142626;1;213029001;2;22.0168 (12489);1                                       ;NEGrII                                  ;0;NEPO 80-50-315;2;0
142626;1;213029001;2;22.0168 (12489);1                                       ;NEGrII                                  ;0;NEPO 80-50-315;2;0
142625;1;2110050;2;22.0167 (12593);1                                       ;NEGrII                                  ;0;NEPO 125-80-250;1;0
142625;2;2110050;1;22.0167 (12593);2                                       ;800EK2201670010                         ;1;;1;0
142625;1;2110050;2;22.0167 (12593);1                                       ;NEGrII                                  ;0;NEPO 125-80-250;1;0
142625;2;2110050;1;22.0167 (12593);2                                       ;800EK2201670010                         ;1;;1;0
142624;1;1460550;2;22.0166 (12497);1                                       ;VFGrII                                  ;0;VKPF 50-250 S;1;0
142624;1;1460550;2;22.0166 (12497);1                                       ;VFGrII                                  ;0;VKPF 50-250 S;1;0
142623;1;1370130;2;22.0165 (12575);1                                       ;FKGr0                                   ;0;FKPO 40-25-160;1;0
142623;2;1370130;1;22.0165 (12575);2                                       ;800EK2201650010                         ;1;;1;0
142623;1;1370130;2;22.0165 (12575);1                                       ;FKGr0                                   ;0;FKPO 40-25-160;1;0
142623;2;1370130;1;22.0165 (12575);2                                       ;800EK2201650010                         ;1;;1;0
142622;1;222016001;2;22.0164 (12499);1                                       ;NEGrIII                                 ;0;NEPO 125-80-315;1;0
142622;1;222016001;2;22.0164 (12499);1                                       ;NEGrIII                                 ;0;NEPO 125-80-315;1;0
142621;1;1420370;2;22.0163 (12557);1                                       ;NEGrI                                   ;0;NEPO 50-32-200;1;0
142621;2;1420370;2;22.0163 (12557);2                                       ;SP50-65                                 ;0;SP 50/65;1;0
142621;1;1420370;2;22.0163 (12557);1                                       ;NEGrI                                   ;0;NEPO 50-32-200;1;0
142621;2;1420370;2;22.0163 (12557);2                                       ;SP50-65                                 ;0;SP 50/65;1;0
142620;1;2100010;2;22.0162 (12581);1                                       ;NEGrI                                   ;0;NEPO 50-32-160;1;0
142620;1;2100010;2;22.0162 (12581);1                                       ;NEGrI                                   ;0;NEPO 50-32-160;1;0
142619;1;1260060;2;22.0161 (12470);1                                       ;NEGrII                                  ;0;NEKO 65-40-250;1;0
142619;2;1260060;2;22.0161 (12470);2                                       ;PPA0INE02PAA000                         ;0;22.0161;1;0
142619;1;1260060;2;22.0161 (12470);1                                       ;NEGrII                                  ;0;NEKO 65-40-250;1;0
142619;2;1260060;2;22.0161 (12470);2                                       ;PPA0INE02PAA000                         ;0;22.0161;1;0
142618;1;1090410;2;22.0160 (12564);1                                       ;NEGrII                                  ;0;NEKO 65-40-250;1;0
142618;1;1090410;2;22.0160 (12564);1                                       ;NEGrII                                  ;0;NEKO 65-40-250;1;0
142617;1;1080470;2;22.0159 (12526);1                                       ;VFGrI                                   ;0;VKPF 50-200;1;0
142617;1;1080470;2;22.0159 (12526);1                                       ;VFGrI                                   ;0;VKPF 50-200;1;0
142616;1;2110030;2;22.0158 (12545);1                                       ;SP150-200                               ;0;SP 150/200;1;0
142616;1;2110030;2;22.0158 (12545);1                                       ;SP150-200                               ;0;SP 150/200;1;0
